"id","user_id","created_at","tweet_text","hashtag_entities","url_entities","user_entities","favorites_count","retweet_count","quoted_status_id","in_reply_to_status_id"
822521968465416192,822215679726100480,"2017-01-20 19:11:33","#InaugurationDay Speech
https://t.co/2h8yWMYQz9 https://t.co/Q9u8n9vez2","{InaugurationDay}","{https://t.co/2h8yWMYQz9}","{}",76302,20505,,
822572484742488065,822215679726100480,"2017-01-20 22:32:17","On behalf of my entire family, THANK YOU! #InaugurationDay https://t.co/v2nEMoanIX","{InaugurationDay}","{}","{}",122755,24478,,
822606593808277504,822215679726100480,"2017-01-21 00:47:49","Signing documents to allow Mattis and Kelly to be sworn into Cabinet and an executive order on #Obamacare.... https://t.co/bjAtY0Q1Km","{Obamacare}","{https://t.co/bjAtY0Q1Km}","{}",66289,13320,,
822631230944460801,822215679726100480,"2017-01-21 02:25:43","January 20th 2017, will be remembered as the day the people became the rulers of this nation again!... https://t.co/xb9o2g6dP3","{}","{https://t.co/xb9o2g6dP3}","{}",96681,23548,,
822669219968020481,822215679726100480,"2017-01-21 04:56:41","RT @realDonaldTrump: THANK YOU for another wonderful evening in Washington, D.C. TOGETHER, we will MAKE AMERICA GREAT AGAIN https://t.co/...","{}","{}","{25073877}",0,53410,,
822855801400414211,822215679726100480,"2017-01-21 17:18:05","I am honored to serve you, the great American People, as your 45th President of the United States! https://t.co/BVtt7lSrlA","{}","{}","{}",198303,45189,,
823002391951900674,822215679726100480,"2017-01-22 03:00:35","Thank you for the prayers &amp; continued blessings upon our country during the National Prayer Service this morning.... https://t.co/ao2ZfS2kLh","{}","{https://t.co/ao2ZfS2kLh}","{}",87484,15380,,
823269672103645189,822215679726100480,"2017-01-22 20:42:40","RT @VP: It is my distinct honor to administer the Oath of Office to this group of talented men &amp; women as Assistants to President @realDona...","{}","{}","{818910970567344128}",0,9264,,
823297018605006848,822215679726100480,"2017-01-22 22:31:20","It was an honor to host our amazing teams of law enforcement at the @WhiteHouse this afternoon. @VP Pence and I are... https://t.co/vSh2kRt6YI","{}","{https://t.co/vSh2kRt6YI}","{822215673812119553,818910970567344128}",70772,14355,,
823339257284755470,822215679726100480,"2017-01-23 01:19:10","RT @VP: Law enforcement worked tirelessly to secure the inauguration. Today the President &amp; I thanked them during a reception at The @White...","{}","{}","{818910970567344128}",0,17058,,
823380672463208448,822215679726100480,"2017-01-23 04:03:44","NO DREAM is too big, NO CHALLENGE is too great. Nothing we want for our future is BEYOND OUR REACH. #AmericaFirst https://t.co/BGuVX4C1LH","{AmericaFirst}","{}","{}",71030,18150,,
823500708204998656,822215679726100480,"2017-01-23 12:00:43","Busy week planned with a heavy focus on jobs &amp; national security. Top executives coming in at 9 A.M. to talk manufacturing in America. -DJT","{}","{}","{}",63164,10826,,
823584358271434753,822215679726100480,"2017-01-23 17:33:07","TOGETHER we can save American JOBS, American LIVES, and American FUTURES. 
#AmericaFirst https://t.co/EWgWWs6noT","{AmericaFirst}","{}","{}",47293,9939,,
823640194884706307,822215679726100480,"2017-01-23 21:14:59","INAUGURAL ADDRESS
https://t.co/GqsWAqtzWD https://t.co/tSDTDs62mc","{}","{https://t.co/GqsWAqtzWD}","{}",37580,7866,,
823696070819586048,822215679726100480,"2017-01-24 00:57:01","[?][?]THANK YOU to my amazing family for their support since I announced my candidacy on 6/16/2015. -DJT https://t.co/Db6titMVtq","{}","{https://t.co/Db6titMVtq}","{}",66214,9923,,
823871247473840128,822215679726100480,"2017-01-24 12:33:06","RT @realDonaldTrump: Will be meeting at 9:00 with top automobile executives concerning jobs in America. I want new plants to be built here...","{}","{}","{25073877}",0,24115,,
823937981115486208,822215679726100480,"2017-01-24 16:58:17","RT @realDonaldTrump: A photo delivered yesterday that will be displayed in the upper/lower press hall. Thank you Abbas! https://t.co/Uzp0iv...","{}","{}","{25073877}",0,21232,,
823939474430328832,822215679726100480,"2017-01-24 17:04:13","RT @realDonaldTrump: Great meeting with automobile industry leaders at the @WhiteHouse this morning. Together, we will #MAGA! https://t.co/...","{MAGA}","{}","{25073877,822215673812119553}",0,16584,,
823950841451335683,822215679726100480,"2017-01-24 17:49:23","RT @realDonaldTrump: Signing orders to move forward with the construction of the Keystone XL and Dakota Access pipelines in the Oval Office...","{}","{}","{25073877}",0,26162,,
823990663222018048,822215679726100480,"2017-01-24 20:27:37","Meeting with members of the Senate leadership at the @WhiteHouse now with @VP Pence. https://t.co/SjpbTV1ysS","{}","{}","{822215673812119553,818910970567344128}",29828,5735,,
824055959534366720,822215679726100480,"2017-01-25 00:47:05","RT @realDonaldTrump: Great meeting with Ford CEO Mark Fields and General Motors CEO Mary Barra at the @WhiteHouse today. https://t.co/T0eIg...","{}","{}","{25073877,822215673812119553}",0,18995,,
824125060885651458,822215679726100480,"2017-01-25 05:21:40","RT @realDonaldTrump: If Chicago doesn't fix the horrible ""carnage"" going on, 228 shootings in 2017 with 42 killings (up 24% from 2016), I w...","{}","{}","{25073877}",0,57219,,
824268525862879232,822215679726100480,"2017-01-25 14:51:45","Great! #Dow20K https://t.co/wXFhXBLgag","{Dow20K}","{https://t.co/wXFhXBLgag}","{}",43989,11274,824266507857301504,
824377991170031617,822215679726100480,"2017-01-25 22:06:43","RT @realDonaldTrump: I will be interviewed by @DavidMuir tonight at 10 o'clock on @ABC. Will be my first interview from the White House. En...","{}","{}","{25073877,56223278,28785486}",0,12653,,
824407761131806720,822215679726100480,"2017-01-26 00:05:01","RT @realDonaldTrump: Beginning today, the United States of America gets back control of its borders. Full speech from today @DHSgov: https:...","{}","{}","{25073877,15647676}",0,23499,,
824438147744403457,822215679726100480,"2017-01-26 02:05:46",".@VP Mike Pence administers the oath of office to Secretary John F. Kelly @DHSgov this afternoon. https://t.co/RNa3DsAsPe","{}","{}","{818910970567344128,15647676}",21479,3732,,
824440493241237504,822215679726100480,"2017-01-26 02:15:05","RT @realDonaldTrump: As your President, I have no higher duty than to protect the lives of the American people. https://t.co/o7YNUNwb8f","{}","{}","{25073877}",0,29617,,
824475138712305665,822215679726100480,"2017-01-26 04:32:45","I will be making my Supreme Court pick on Thursday of next week. Thank you! -DJT","{}","{}","{}",42078,7399,,
824623494751260672,822215679726100480,"2017-01-26 14:22:16","RT @realDonaldTrump: Ungrateful TRAITOR Chelsea Manning, who should never have been released from prison, is now calling President Obama a...","{}","{}","{25073877}",0,28453,,
824623550636122112,822215679726100480,"2017-01-26 14:22:29","RT @realDonaldTrump: of jobs and companies lost. If Mexico is unwilling to pay for the badly needed wall, then it would be better to cancel...","{}","{}","{25073877}",0,28639,,
824623556784955392,822215679726100480,"2017-01-26 14:22:31","RT @realDonaldTrump: The U.S. has a 60 billion dollar trade deficit with Mexico. It has been a one-sided deal from the beginning of NAFTA w...","{}","{}","{25073877}",0,26406,,
824698838170685441,822215679726100480,"2017-01-26 19:21:39","RT @realDonaldTrump: Spoke at the Congressional @GOP Retreat in Philadelphia, PA. this afternoon w/ @VP, @SenateMajLdr, @SpeakerRyan. Thank...","{}","{}","{25073877,11134252,818910970567344128,1249982359,18916432}",0,11498,,
824765391369015298,822215679726100480,"2017-01-26 23:46:07","RT @VP: Honored to meet with Pro-Life leaders in my office tonight. Just told them I look forward to addressing National @March_for_Life on...","{}","{}","{818910970567344128,430130014}",0,10554,,
824765721821446144,822215679726100480,"2017-01-26 23:47:26","RT @realDonaldTrump: Will be interviewed by @SeanHannity on @FoxNews at 10:00pm tonight. Enjoy!","{}","{}","{25073877,41634520,1367531}",0,10834,,
824766185501757440,822215679726100480,"2017-01-26 23:49:16","'President Trump Releases National School Choice Week Proclamation'
https://t.co/BUbZ4D1umR","{}","{https://t.co/BUbZ4D1umR}","{}",16738,4672,,
824767564421165057,822215679726100480,"2017-01-26 23:54:45","RT @realDonaldTrump: Miami-Dade Mayor drops sanctuary policy. Right decision. Strong! https://t.co/MtPvaDC4jM","{}","{https://t.co/MtPvaDC4jM}","{25073877}",0,25269,,
824956253625581568,822215679726100480,"2017-01-27 12:24:32","'People want protection and a wall protects. All you have to do is ask Israel...' @realDonaldTrump https://t.co/QeTbiJpaDY","{}","{}","{25073877}",30997,8081,,
824977251846541312,822215679726100480,"2017-01-27 13:47:58","RT @realDonaldTrump: Mexico has taken advantage of the U.S. for long enough. Massive trade deficits &amp; little help on the very weak border m...","{}","{}","{25073877}",0,31218,,
825017330736496640,822215679726100480,"2017-01-27 16:27:14","RT @realDonaldTrump: The #MarchForLife is so important. To all of you marching --- you have my full support!","{MarchForLife}","{}","{25073877}",0,46330,,
825018214614700033,822215679726100480,"2017-01-27 16:30:45","RT @realDonaldTrump: .@VP Mike Pence will be speaking at today's #MarchForLife -- You have our full support! https://t.co/1jb53SEGV4","{MarchForLife}","{https://t.co/1jb53SEGV4}","{25073877,818910970567344128}",0,16287,,
825057047976800256,822215679726100480,"2017-01-27 19:05:03","An honor to have U.K. Prime Minister @theresa_may join me at the @WhiteHouse. #ICYMI- our joint press conference:... https://t.co/xitinAQyPQ","{ICYMI}","{https://t.co/xitinAQyPQ}","{747807250819981312,822215673812119553}",21406,4490,,
825076062417723392,822215679726100480,"2017-01-27 20:20:37","RT @realDonaldTrump: Statement on International Holocaust Remembrance Day: https://t.co/KjU0MOxCHk","{}","{https://t.co/KjU0MOxCHk}","{25073877}",0,10871,,
825085862861996032,822215679726100480,"2017-01-27 20:59:33","Joint Statement on U.S. - Mexico Relations: https://t.co/wPWdC9K0xj","{}","{https://t.co/wPWdC9K0xj}","{}",12721,3061,,
825101348802789376,822215679726100480,"2017-01-27 22:01:05","RT @realDonaldTrump: Congratulations Secretary Mattis! https://t.co/mkuhbegzqS","{}","{}","{25073877}",0,19349,,
825145230324277248,822215679726100480,"2017-01-28 00:55:28","RT @realDonaldTrump: I promise that our administration will ALWAYS have your back. We will ALWAYS be with you! https://t.co/D0aOWhOH4X","{}","{}","{25073877}",0,29444,,
825186296960262144,822215679726100480,"2017-01-28 03:38:39","RT @DanScavino: Secretary Mattis with @POTUS @realDonaldTrump and @VP Michael Pence - thanking our true heroes upon their departure from th...","{}","{}","{620571475,822215679726100480,25073877,818910970567344128}",0,9090,,
825187398644547584,822215679726100480,"2017-01-28 03:43:01","I will be America's greatest defender and most loyal champion. -DJT https://t.co/wukJ6YqvLu","{}","{}","{}",48267,10460,,
825368826921484288,822215679726100480,"2017-01-28 15:43:57","RT @realDonaldTrump: Today, we remember the crew of the Space Shuttle Challenger, 31 years later. #NeverForget https://t.co/OhshQsFRfl","{NeverForget}","{}","{25073877}",0,33115,,
825413496317804546,822215679726100480,"2017-01-28 18:41:27","RT @netanyahu: President Trump is right. I built a wall along Israel's southern border. It stopped all illegal immigration. Great success....","{}","{}","{17061263}",0,55050,,
825435318778212352,822215679726100480,"2017-01-28 20:08:10","YOUR WEEKLY ADDRESS: https://t.co/iCUns5IOJ5","{}","{}","{}",58118,17801,,
825461893485707264,822215679726100480,"2017-01-28 21:53:46","Signed some additional executive orders in the Oval Office moments ago- https://t.co/fgIaVW5aJD","{}","{}","{}",34065,8166,,
825475066959896576,822215679726100480,"2017-01-28 22:46:07","RT @WhiteHouse: .@POTUS @realDonaldTrump- speaking with Australian Prime Minister Malcolm Turnbull from the Oval Office. https://t.co/6rDjo...","{}","{}","{822215673812119553,822215679726100480,25073877}",0,4612,,
825516492917727234,822215679726100480,"2017-01-29 01:30:43","Executive Order: ETHICS COMMITMENTS BY EXECUTIVE BRANCH APPOINTEES: https://t.co/0T7rvbEdAJ https://t.co/Z9fZd4jlCg","{}","{https://t.co/0T7rvbEdAJ}","{}",21069,4602,,
825516865271296000,822215679726100480,"2017-01-29 01:32:12","Presidential Memorandum Plan to Defeat the Islamic State of Iraq and Syria: https://t.co/MWvPlRQ8ZI https://t.co/1IkgK8wEWF","{}","{https://t.co/MWvPlRQ8ZI}","{}",26395,6646,,
825518052993286144,822215679726100480,"2017-01-29 01:36:55","Presidential Memorandum Organization of the National Security Council and the Homeland Security Council:... https://t.co/2UO7MSc1bx","{}","{https://t.co/2UO7MSc1bx}","{}",19168,4218,,
825518176041566208,822215679726100480,"2017-01-29 01:37:25","RT @VP: Welcomed my good friend Governor @EricGreitens to the White House today. He is doing a great job for the people of Missouri. https:...","{}","{}","{818910970567344128,24004390}",0,4360,,
825708298091556864,822215679726100480,"2017-01-29 14:12:53","RT @realDonaldTrump: Our country needs strong borders and extreme vetting, NOW. Look what is happening all over Europe and, indeed, the wor...","{}","{}","{25073877}",0,51438,,
825789700199837696,822215679726100480,"2017-01-29 19:36:21","RT @realDonaldTrump: Christians in the Middle-East have been executed in large numbers. We cannot allow this horror to continue!","{}","{}","{25073877}",0,60407,,
825845574008205312,822215679726100480,"2017-01-29 23:18:22","Statement Regarding Recent Executive Order Concerning Extreme Vetting: https://t.co/junoy06y2R","{}","{https://t.co/junoy06y2R}","{}",26339,7863,,
825851046945779712,822215679726100480,"2017-01-29 23:40:07","RT @realDonaldTrump: I will be interviewed by @TheBrodyFile on @CBNNews tonight at 11pm. Enjoy!","{}","{}","{25073877,117082566,26028938}",0,11283,,
826073698234949632,822215679726100480,"2017-01-30 14:24:52","RT @realDonaldTrump: protesters and the tears of Senator Schumer. Secretary Kelly said that all is going well with very few problems. MAKE...","{}","{}","{25073877}",0,24465,,
826073702718652416,822215679726100480,"2017-01-30 14:24:53","RT @realDonaldTrump: Only 109 people out of 325,000 were detained and held for questioning. Big problems at airports were caused by Delta c...","{}","{}","{25073877}",0,31546,,
826073769382903808,822215679726100480,"2017-01-30 14:25:08","RT @realDonaldTrump: I have made my decision on who I will nominate for The United States Supreme Court. It will be announced live on Tuesd...","{}","{}","{25073877}",0,25455,,
826073779029827584,822215679726100480,"2017-01-30 14:25:11","RT @realDonaldTrump: Where was all the outrage from Democrats and the opposition party (the media) when our jobs were fleeing our country?","{}","{}","{25073877}",0,33244,,
826142435042525184,822215679726100480,"2017-01-30 18:58:00","White House Press Briefing: 
https://t.co/08IOPWcGOO","{}","{https://t.co/08IOPWcGOO}","{}",13504,3119,,
826175148441100289,822215679726100480,"2017-01-30 21:07:59","RT @realDonaldTrump: The American dream is back. We're going to create an environment for small business like we haven't had in many, many...","{}","{}","{25073877}",0,35246,,
826187614160039942,822215679726100480,"2017-01-30 21:57:31","RT @VP: Grateful to welcome King Abdullah II of Jordan this morning as first foreign leader to visit VP Residence. https://t.co/LXjWcD8jRi","{}","{}","{818910970567344128}",0,7884,,
826233872853630976,822215679726100480,"2017-01-31 01:01:20","RT @realDonaldTrump: The Democrats are delaying my cabinet picks for purely political reasons. They have nothing going but to obstruct. Now...","{}","{}","{25073877}",0,28346,,
826259197700481028,822215679726100480,"2017-01-31 02:41:58","Statement on the Appointment of Dana Boente as Acting Attorney General: https://t.co/fkAWOmnrsP","{}","{https://t.co/fkAWOmnrsP}","{}",27552,7043,,
826438887631372290,822215679726100480,"2017-01-31 14:35:59","RT @realDonaldTrump: Nancy Pelosi and Fake Tears Chuck Schumer held a rally  at the steps of The Supreme Court and mic did not work (a mess...","{}","{}","{25073877}",0,31724,,
826438893239156737,822215679726100480,"2017-01-31 14:36:01","RT @realDonaldTrump: When will the Democrats give us our Attorney General and rest of Cabinet! They should be ashamed of themselves! No won...","{}","{}","{25073877}",0,39553,,
826505081101103104,822215679726100480,"2017-01-31 18:59:01","Today I met with pharmaceutical executives at the @WhiteHouse...https://t.co/T1L7e8pHG1 https://t.co/MDr9b7rBhN","{}","{https://t.co/T1L7e8pHG1}","{822215673812119553}",24934,4982,,
826540972758675458,822215679726100480,"2017-01-31 21:21:38","Highlights From The President's Listening Session With Pharmaceutical Industry Leaders at the @WhiteHouse today:... https://t.co/RVWVuIRN77","{}","{https://t.co/RVWVuIRN77}","{822215673812119553}",15754,3509,,
826549073515773952,822215679726100480,"2017-01-31 21:53:50","Join me live from the @WhiteHouse at 8:00pm tonight. #SCOTUS 
https://t.co/7OJvZaW0Y7 https://t.co/nJyeYyACQ1","{SCOTUS}","{https://t.co/7OJvZaW0Y7}","{822215673812119553}",21621,5119,,
826591537891069952,822215679726100480,"2017-02-01 00:42:34","RT @realDonaldTrump: Getting ready to deliver a VERY IMPORTANT DECISION!  8:00 P.M.","{}","{}","{25073877}",0,16760,,
826593262743986181,822215679726100480,"2017-02-01 00:49:25","Join me live from the @WhiteHouse as I announce my nomination for United States Supreme Court Justice.... https://t.co/mrcsCu7VhP","{}","{https://t.co/mrcsCu7VhP}","{822215673812119553}",17536,3127,,
826597924385804293,822215679726100480,"2017-02-01 01:07:57","RT @GorsuchFacts: BREAKING: @POTUS Trump has nominated Judge Neil Gorsuch for #SCOTUS! #JusticeGorsuch https://t.co/Ugj1Kv3Xp2","{SCOTUS,JusticeGorsuch}","{}","{826093318878670848,822215679726100480}",0,4522,,
826598937549271042,822215679726100480,"2017-02-01 01:11:58","#JusticeGorsuch #SCOTUS https://t.co/Y96Hi2bbIj","{JusticeGorsuch,SCOTUS}","{}","{}",27258,4995,,
826599964168040448,822215679726100480,"2017-02-01 01:16:03","President Trump's Nominee for the Supreme Court Neil M. Gorsuch. 
#SCOTUS #JusticeGorsuch 
https://t.co/OnnJxv0sNG https://t.co/uiBzFWA1SQ","{SCOTUS,JusticeGorsuch}","{https://t.co/OnnJxv0sNG}","{}",29512,6263,,
826608065000697856,822215679726100480,"2017-02-01 01:48:14","RT @GorsuchFacts: Join us in congratulating Judge Neil Gorsuch on his nomination for #SCOTUS! Read his bio here: https://t.co/Im2VNUG6Bk #J...","{SCOTUS}","{https://t.co/Im2VNUG6Bk}","{826093318878670848}",0,7004,,
826608134772908032,822215679726100480,"2017-02-01 01:48:31","RT @GorsuchFacts: Judge Gorsuch defends the Constitution &amp; protects individual rights, incl religious liberty, against gov't attack. #Justi...","{}","{}","{826093318878670848}",0,4710,,
826610471906193408,822215679726100480,"2017-02-01 01:57:48","RT @GorsuchFacts: .@POTUS Trump has chosen a #SCOTUS with a brilliant legal mind, sterling academic credentials, &amp; a commitment to constitu...","{SCOTUS}","{}","{826093318878670848,822215679726100480}",0,7725,,
826611228973883394,822215679726100480,"2017-02-01 02:00:49","RT @WhiteHouse: ""This has been the most transparent Supreme Court selection process in the history of our country."" - @POTUS #JusticeGorsuc...","{}","{}","{822215673812119553,822215679726100480}",0,5565,,
826612780472086528,822215679726100480,"2017-02-01 02:06:59","RT @GorsuchFacts: 11 current Dem Senators &amp; 20 current GOP Senators were in office when Judge Gorsuch was confirmed w/out oppo in '06. #Jus...","{}","{}","{826093318878670848}",0,6320,,
826643298022522880,822215679726100480,"2017-02-01 04:08:15","President Donald J. Trump Nominates Judge Neil Gorsuch to the United States Supreme Court
#JusticeGorsuch #SCOTUS... https://t.co/lc7SIjIjTZ","{JusticeGorsuch,SCOTUS}","{https://t.co/lc7SIjIjTZ}","{}",31495,5184,,
826645379517181952,822215679726100480,"2017-02-01 04:16:31","RT @SenateMajLdr: My statement on @POTUS' excellent selection of Neil Gorsuch as our next #SCOTUS Justice https://t.co/z7TNYvd0ie","{SCOTUS}","{https://t.co/z7TNYvd0ie}","{1249982359,822215679726100480}",0,3656,,
826645623801778177,822215679726100480,"2017-02-01 04:17:29","RT @tedcruz: I wholeheartedly applaud President Trump for nominating Judge Gorsuch: https://t.co/nJ2kxct3vM","{}","{https://t.co/nJ2kxct3vM}","{23022687}",0,7994,,
826646652597452800,822215679726100480,"2017-02-01 04:21:34","RT @realDonaldTrump: Hope you like my nomination of Judge Neil Gorsuch for the United States Supreme Court. He is a good and brilliant man,...","{}","{}","{25073877}",0,34885,,
826824503233740800,822215679726100480,"2017-02-01 16:08:17","Proud to honor the start of Black History Month at the @WhiteHouse this morning with @VP Mike Pence. https://t.co/CaXOykzR4d","{}","{}","{822215673812119553,818910970567344128}",36097,8599,,
826839193406038017,822215679726100480,"2017-02-01 17:06:40","Moment of prayer last night after my nomination of Judge Neil Gorsuch for #SCOTUS. It was an honor having Maureen a... https://t.co/eLjJubEefQ","{SCOTUS}","{https://t.co/eLjJubEefQ}","{}",64015,15315,,
826960559841148929,822215679726100480,"2017-02-02 01:08:56","Congratulations to our new Secretary of State Rex Tillerson, sworn-in this evening by @VP Mike Pence. https://t.co/YvLoJZUKj8","{}","{}","{818910970567344128}",55204,10269,,
826992141217968128,822215679726100480,"2017-02-02 03:14:25","RT @realDonaldTrump: Iran is rapidly taking over more and more of Iraq even after the U.S. has squandered three trillion dollars there. Obv...","{}","{}","{25073877}",0,21368,,
827157237403680768,822215679726100480,"2017-02-02 14:10:27","RT @realDonaldTrump: Attending Chief Ryan Owens' Dignified Transfer yesterday with my daughter Ivanka was my great honor. To a great and br...","{}","{}","{25073877}",0,17009,,
827207302344122368,822215679726100480,"2017-02-02 17:29:24","RT @realDonaldTrump: Thank you, @Samsung! We would love to have you! https://t.co/r5nxC9oOA4","{}","{https://t.co/r5nxC9oOA4}","{25073877,97610612}",0,26669,,
827214173025271811,822215679726100480,"2017-02-02 17:56:42","Great meeting with @harleydavidson executives from Milwaukee, Wisconsin at the @WhiteHouse. https://t.co/7Spcmh6guM","{}","{}","{17169239,822215673812119553}",45261,9559,,
827303793226301444,822215679726100480,"2017-02-02 23:52:49","'Trump taps first woman to CIA second in command'
https://t.co/15yzhsH6Qq","{}","{https://t.co/15yzhsH6Qq}","{}",28176,7265,,
827485788485070848,822215679726100480,"2017-02-03 11:56:00","RT @realDonaldTrump: Yes, Arnold Schwarzenegger did a really bad job as Governor of California and even worse on the Apprentice...but at le...","{}","{}","{25073877}",0,23983,,
827485833926172673,822215679726100480,"2017-02-03 11:56:11","RT @realDonaldTrump: Iran is playing with fire - they don't appreciate how ""kind"" President Obama was to them. Not me!","{}","{}","{25073877}",0,64958,,
827485910858096640,822215679726100480,"2017-02-03 11:56:29","RT @realDonaldTrump: Thank you to Prime Minister of Australia for telling the truth about our very civil conversation that FAKE NEWS media...","{}","{}","{25073877}",0,33212,,
827485992701538304,822215679726100480,"2017-02-03 11:56:49","RT @realDonaldTrump: Meeting with biggest business leaders this morning. Good jobs are coming back to U.S., health care and tax bills are b...","{}","{}","{25073877}",0,19682,,
827486033705046016,822215679726100480,"2017-02-03 11:56:59","RT @realDonaldTrump: Professional anarchists, thugs and paid protesters are proving the point of the millions of people who voted to MAKE A...","{}","{}","{25073877}",0,43440,,
827501322110922755,822215679726100480,"2017-02-03 12:57:44","RT @realDonaldTrump: A new radical Islamic terrorist has just attacked in Louvre Museum in Paris. Tourists were locked down. France on edge...","{}","{}","{25073877}",0,42406,,
827575678467973123,822215679726100480,"2017-02-03 17:53:12","RT @WhiteHouse: We honor this month as American Heart Month to remember those who have lost their lives to heart disease.
https://t.co/5gN...","{}","{}","{822215673812119553}",0,3069,,
827583384721432576,822215679726100480,"2017-02-03 18:23:49","President Donald J. Trump Recognizes National Catholic Schools Week: https://t.co/J9Wg8nszta","{}","{https://t.co/J9Wg8nszta}","{}",19529,4641,,
827584037535391744,822215679726100480,"2017-02-03 18:26:24","#ICYMI- Remarks by President Trump Before Meeting with Harley-Davidson Executives and Union Representatives: https://t.co/BBEk33fc63","{ICYMI}","{https://t.co/BBEk33fc63}","{}",11722,2404,,
827585975828230144,822215679726100480,"2017-02-03 18:34:07","RT @FoxNews: Breaking News: @POTUS signs executive orders on finance regulations. https://t.co/cRHOquwccI","{}","{}","{1367531,822215679726100480}",0,5935,,
827595948469673986,822215679726100480,"2017-02-03 19:13:44","Remarks by President Trump at Signing of Executive Order on Fiduciary Rule: https://t.co/kMRFhlXlHe https://t.co/CKiU61iBqh","{}","{https://t.co/kMRFhlXlHe}","{}",19003,4045,,
827644398892638208,822215679726100480,"2017-02-03 22:26:16","Another historic week at the @WhiteHouse. Join me for my weekly address[?]https://t.co/LXyBNGSwXG https://t.co/EqVzJNiUxP","{}","{https://t.co/LXyBNGSwXG}","{822215673812119553}",22373,4723,,
827653502117765122,822215679726100480,"2017-02-03 23:02:26",".@VP Pence on the #economy: https://t.co/3sZaoWh3au","{economy}","{}","{818910970567344128}",20777,4395,,
827655544928346114,822215679726100480,"2017-02-03 23:10:33","RT @realDonaldTrump: We must keep ""evil"" out of our country!","{}","{}","{25073877}",0,45562,,
827721350408200193,822215679726100480,"2017-02-04 03:32:02","RT @realDonaldTrump: Countries charge U.S. companies taxes or tariffs while the U.S. charges them nothing or little.We should charge them S...","{}","{}","{25073877}",0,27420,,
827902227020918785,822215679726100480,"2017-02-04 15:30:47","RT @realDonaldTrump: When a country is no longer able to say who can, and who cannot , come in &amp; out, especially for reasons of safety &amp;.se...","{}","{}","{25073877}",0,38647,,
827902261800091649,822215679726100480,"2017-02-04 15:30:55","RT @realDonaldTrump: Interesting that certain Middle-Eastern countries agree with the ban. They know if certain people are allowed in it's...","{}","{}","{25073877}",0,28740,,
827902331165483009,822215679726100480,"2017-02-04 15:31:12","RT @realDonaldTrump: The opinion of this so-called judge, which essentially takes law-enforcement away from our country, is ridiculous and...","{}","{}","{25073877}",0,33985,,
828031764459294720,822215679726100480,"2017-02-05 00:05:31","RT @GorsuchFacts: Yesterday, #SCOTUS nominee Judge Gorsuch met with Senators all over the Capitol...he also met with this puppy. #JusticeGors...","{SCOTUS}","{}","{826093318878670848}",0,4531,,
828031995301285888,822215679726100480,"2017-02-05 00:06:26","RT @VP: This SCOTUS seat doesn't belong to any party, ideology, or interest group. It belongs to the American people-and Americans deserve...","{}","{}","{818910970567344128}",0,7312,,
828032285647761409,822215679726100480,"2017-02-05 00:07:35","RT @realDonaldTrump: MAKE AMERICA GREAT AGAIN!","{}","{}","{25073877}",0,67595,,
828032340576313346,822215679726100480,"2017-02-05 00:07:48","RT @realDonaldTrump: Because the ban was lifted by a judge, many very bad and dangerous people may be pouring into our country. A terrible...","{}","{}","{25073877}",0,29952,,
828032345223593985,822215679726100480,"2017-02-05 00:07:49","RT @realDonaldTrump: Why aren't the lawyers looking at and using the Federal Court decision in Boston, which is at conflict with ridiculous...","{}","{}","{25073877}",0,18183,,
828356521973186561,822215679726100480,"2017-02-05 21:35:59","RT @realDonaldTrump: Just cannot  believe a judge would put our country in such peril. If something happens blame him and court system. Peo...","{}","{}","{25073877}",0,29625,,
828356527383789568,822215679726100480,"2017-02-05 21:36:00","RT @realDonaldTrump: I have instructed Homeland Security to check people coming into our country VERY CAREFULLY. The courts are making the...","{}","{}","{25073877}",0,29006,,
828379486978707456,822215679726100480,"2017-02-05 23:07:14","RT @realDonaldTrump: Enjoy the #SuperBowl and then we continue: MAKE AMERICA GREAT AGAIN!","{SuperBowl}","{}","{25073877}",0,37324,,
828448692793401344,822215679726100480,"2017-02-06 03:42:14","What an amazing comeback and win by the Patriots. Tom Brady, Bob Kraft and Coach B are total winners. Wow!
#SuperBowl -DJT","{SuperBowl}","{}","{}",83122,20457,,
828607289418465284,822215679726100480,"2017-02-06 14:12:27","RT @realDonaldTrump: Any negative polls are fake news, just like the CNN, ABC, NBC polls in the election. Sorry, people want border securit...","{}","{}","{25073877}",0,36933,,
828607297748361218,822215679726100480,"2017-02-06 14:12:29","RT @realDonaldTrump: I call my own shots, largely based on an accumulation of data, and everyone knows it. Some FAKE NEWS media, in order t...","{}","{}","{25073877}",0,24439,,
828659055430352896,822215679726100480,"2017-02-06 17:38:09","Will be interviewed on @oreillyfactor tonight at 8:00 P.M. Enjoy! -DJT https://t.co/7dwmRn8Xi8","{}","{}","{23970102}",17042,2746,,
828659157578416129,822215679726100480,"2017-02-06 17:38:33","RT @realDonaldTrump: The failing @nytimes writes total fiction concerning me. They have gotten it wrong for two years, and now are making u...","{}","{}","{25073877,807095}",0,19653,,
828688266174017536,822215679726100480,"2017-02-06 19:34:13","Visiting @CENTCOM @USSOCOM- and supporting our amazing #USTroops this afternoon. https://t.co/Guy6gPm2GW","{USTroops}","{}","{25159286,1018222248}",21943,3708,,
828688386055602177,822215679726100480,"2017-02-06 19:34:42","RT @CENTCOM: .@POTUS visits #MacDill for CENTCOM and @USSOCOM meetings Support the #USTroops https://t.co/flM7fMhk97","{MacDill,USTroops}","{}","{25159286,822215679726100480,1018222248}",0,3536,,
828696720632594433,822215679726100480,"2017-02-06 20:07:49","RT @WhiteHouse: Happy Birthday, Mr. President! https://t.co/snf4pYhBiB","{}","{}","{822215673812119553}",0,11618,,
828756467985575936,822215679726100480,"2017-02-07 00:05:14","RT @realDonaldTrump: An extended interview from the Super Bowl with @oreillyfactor airs tonight at 8:00 P.M. Enjoy! https://t.co/kZdHqaNTVR","{}","{}","{25073877,23970102}",0,8210,,
828787354445963267,822215679726100480,"2017-02-07 02:07:58","RT @CENTCOM: .@POTUS President #Trump meets with Generals Dunford, Votel, and Thomas @USMC @USArmy @DeptofDefense #MacDill
https://t.co/d76...","{Trump,MacDill}","{}","{25159286,822215679726100480,10126672,8775672,66369181}",0,3061,,
828787362486423552,822215679726100480,"2017-02-07 02:07:59","RT @CENTCOM: .@POTUS President #Trump and GEN Votel meet with #USTroops @DeptofDefense https://t.co/4qApclwW0S","{Trump,USTroops}","{}","{25159286,822215679726100480,66369181}",0,4544,,
828840184930263040,822215679726100480,"2017-02-07 05:37:53","RT @realDonaldTrump: The threat from radical Islamic terrorism is very real, just look at what is happening in Europe and the Middle-East....","{}","{}","{25073877}",0,33206,,
828955104082526208,822215679726100480,"2017-02-07 13:14:32","Senate Dems protest to keep the failed status quo. Betsy DeVos is a reformer, and she is going to be a great Education Sec. for our kids!","{}","{}","{}",43474,8933,,
828987438873845762,822215679726100480,"2017-02-07 15:23:01","An honor having the @NationalSheriff Association join me at the @WhiteHouse. Incredible men &amp; women who protect &amp; s... https://t.co/MX1dAB15dK","{}","{https://t.co/MX1dAB15dK}","{102795582,822215673812119553}",27257,5243,,
829003519017512961,822215679726100480,"2017-02-07 16:26:55","RT @realDonaldTrump: An honor having the National Sheriffs' Assoc. join me at the @WhiteHouse. Incredible men &amp; women who protect &amp; serve 2...","{}","{}","{25073877,822215673812119553}",0,18660,,
829024605461413888,822215679726100480,"2017-02-07 17:50:43","Congratulations to our new Education Secretary, @BetsyDeVos! https://t.co/w7jE6G2x0p","{}","{}","{599530439}",51227,11507,,
829025638023573504,822215679726100480,"2017-02-07 17:54:49","RT @VP: Today's vote to confirm Education Secretary @BetsyDeVos was a vote for every child having a chance at a world-class education. http...","{}","{}","{818910970567344128,599530439}",0,7910,,
829124808126369792,822215679726100480,"2017-02-08 00:28:53",".@BetsyDeVos sworn in as Secretary of Education by @VP Mike Pence moments ago. Congratulations! https://t.co/uzneL25V7F","{}","{}","{599530439,818910970567344128}",35392,6631,,
829139702867427328,822215679726100480,"2017-02-08 01:28:04","RT @realDonaldTrump: It is a disgrace that my full Cabinet is still not in place, the longest such delay in the history of our country. Obs...","{}","{}","{25073877}",0,37023,,
829198197180473350,822215679726100480,"2017-02-08 05:20:30","Our thoughts and prayers are with everyone in southeastern Louisiana affected by today's severe tornadoes.","{}","{}","{}",55181,9457,,
829314371658588161,822215679726100480,"2017-02-08 13:02:08","RT @realDonaldTrump: If the U.S. does not win this case as it so obviously should, we can never have the security and safety to which we ar...","{}","{}","{25073877}",0,22622,,
829349995715428352,822215679726100480,"2017-02-08 15:23:42","RT @realDonaldTrump: Thank you to our great Police Chiefs &amp; Sheriffs for your leadership &amp; service. You have a true friend in the @WhiteHou...","{}","{}","{25073877}",0,16415,,
829372305293922305,822215679726100480,"2017-02-08 16:52:21","RT @realDonaldTrump: My daughter Ivanka has been treated so unfairly by @Nordstrom. She is a great person -- always pushing me to do the ri...","{}","{}","{25073877,15162193}",0,27710,,
829410511578087426,822215679726100480,"2017-02-08 19:24:10","RT @realDonaldTrump: Big increase in traffic into our country from certain areas, while our people are far more vulnerable, as we wait for...","{}","{}","{25073877}",0,17839,,
829410516451868672,822215679726100480,"2017-02-08 19:24:11","RT @realDonaldTrump: Thank you Brian Krzanich, CEO of @Intel. A great investment ($7 BILLION) in American INNOVATION and JOBS! #AmericaFirs...","{}","{}","{25073877,2803191}",0,22384,,
829414643743543296,822215679726100480,"2017-02-08 19:40:35","RT @realDonaldTrump: 'Immigration Ban Is One Of Trump's Most Popular Orders So Far' https://t.co/wAelwuQ4BE","{}","{}","{25073877}",0,30888,,
829455107804782603,822215679726100480,"2017-02-08 22:21:22","RT @realDonaldTrump: 'Majority in Leading EU Nations Support Trump-Style Travel Ban' 
Poll of more than 10,000 people in 10 countries...htt...","{}","{}","{25073877}",0,22167,,
829497493046034432,822215679726100480,"2017-02-09 01:09:48","RT @realDonaldTrump: Congratulations to our new Attorney General, @SenatorSessions! https://t.co/e0buP1K83z","{}","{}","{25073877,47975734}",0,33165,,
829500634864943104,822215679726100480,"2017-02-09 01:22:17","RT @JohnBoozman: While @SenatorSessions will be missed in the Senate, his strong adherence to the Constitution will be a welcome change at...","{}","{}","{5558312,47975734}",0,3243,,
829500638899871744,822215679726100480,"2017-02-09 01:22:18","RT @SenBobCorker: Proud to support @SenatorSessions and look forward to the work he will do on behalf of our country as AG. https://t.co/Y0...","{}","{}","{73303753,47975734}",0,2326,,
829500656025272320,822215679726100480,"2017-02-09 01:22:22","RT @HouseGOP: Congratulations, @SenatorSessions! https://t.co/RiZLpHCfRW","{}","{}","{15207668,47975734}",0,4644,,
829500714665783297,822215679726100480,"2017-02-09 01:22:36","RT @SenThomTillis: Attorney General Sessions will follow the rule of law, be accessible &amp; address the organizational &amp; accountability issue...","{}","{}","{2964174789}",0,3258,,
829500798761631744,822215679726100480,"2017-02-09 01:22:56","RT @RepMarthaRoby: Such a proud moment for our state &amp; our country! Jeff Sessions has been confirmed as Attorney General of the United Stat...","{}","{}","{224294785}",0,3701,,
829521585396711429,822215679726100480,"2017-02-09 02:45:32","RT @VP: Thank you to the DC metro area law enforcement agencies for their work protecting our communities, including new residents like our...","{}","{}","{818910970567344128}",0,5186,,
829522233190187009,822215679726100480,"2017-02-09 02:48:06","RT @RepGoodlatte: Congratulations to @SenatorSessions -  the next Attorney General of the United States! https://t.co/QkWaA2w9jt","{}","{}","{37920978,47975734}",0,2616,,
829522247320604672,822215679726100480,"2017-02-09 02:48:10","RT @SenThadCochran: Voted tonight to confirm Jeff Sessions as Attorney General. I know he'll ensure our laws are enforced fairly and justly.","{}","{}","{555474658}",0,2848,,
829522385749544960,822215679726100480,"2017-02-09 02:48:43","RT @SenatorIsakson: Congrats to @SenatorSessions on becoming U.S. Attorney General. His respect for law, 15 years' @TheJusticeDept experien...","{}","{}","{78403308,47975734,73181712}",0,2518,,
829524479193788416,822215679726100480,"2017-02-09 02:57:02","RT @SenateMajLdr: The Senate just confirmed @SenatorSessions as our Attorney General. @POTUS made an excellent choice, and our nation will...","{}","{}","{1249982359,47975734,822215679726100480}",0,3795,,
829524691408842756,822215679726100480,"2017-02-09 02:57:52","RT @NationalSheriff: PRESS RELEASE: Sheriffs Applaud Confirmation of @SenatorSessions https://t.co/jA0HFDVAZn #sessionsconfirmation https:/...","{sessionsconfirmation}","{https://t.co/jA0HFDVAZn}","{102795582,47975734}",0,6459,,
829718879383457793,822215679726100480,"2017-02-09 15:49:30","Join us live at the @WhiteHouse for the swearing in of our new Attorney General, @SenatorSessions!  
LIVE:... https://t.co/OkIpP2UQLn","{}","{https://t.co/OkIpP2UQLn}","{822215673812119553,47975734}",22784,3554,,
829743126441029633,822215679726100480,"2017-02-09 17:25:51","RT @VP: Privileged to swear in Attorney General Jeff Sessions. @POTUS &amp; I have faith in your commitment to the Constitution &amp; equal justice...","{}","{}","{818910970567344128,822215679726100480}",0,7222,,
829743749978791939,822215679726100480,"2017-02-09 17:28:20","Congratulations Attorney General Jeff Sessions! https://t.co/12TwvGRGfp","{}","{}","{}",43345,7618,,
829810812508372992,822215679726100480,"2017-02-09 21:54:49","RT @FoxNews: EARLIER: @POTUS hosts senators for meeting focused on Supreme Court nominee. https://t.co/MnB7HmQ4mx","{}","{}","{1367531,822215679726100480}",0,4577,,
830141366059536384,822215679726100480,"2017-02-10 19:48:19","An honor to host Prime Minister @AbeShinzo in the United States. https://t.co/f6TvfZ6sMj","{}","{}","{468122115}",46589,11645,,
830144654704275456,822215679726100480,"2017-02-10 20:01:23","Congratulations @SecPriceMD! The 23rd Secretary of @HHSGov! #ICYMI: @VP swearing Dr. Price in:... https://t.co/1pwNKXz54r","{ICYMI}","{https://t.co/1pwNKXz54r}","{829782369670410240,44783853,818910970567344128}",21907,4035,830074939298414592,
830167745765445634,822215679726100480,"2017-02-10 21:33:09","Join me for my weekly address!
#ICYMI - you can watch here[?]https://t.co/aqiMrhwg94","{ICYMI}","{https://t.co/aqiMrhwg94}","{}",20500,4146,,
830528159930019841,822215679726100480,"2017-02-11 21:25:18","RT @FLOTUS: Thank you @morikamimuseum for the inspirational presentation of your sacred gardens &amp; life &amp; culture in Japan. https://t.co/Jxf...","{}","{}","{818876014390603776,25296537}",0,10913,,
830621089441185792,822215679726100480,"2017-02-12 03:34:34","LIVE Joint Statement by President Trump and Prime Minister Shinzo Abe: https://t.co/HMsYN43VnE","{}","{https://t.co/HMsYN43VnE}","{}",18505,3487,,
831603323631497218,822215679726100480,"2017-02-14 20:37:37","Remarks by President Trump at Swearing-In Ceremony for Treasury Secretary Mnuchin
https://t.co/5PJiztgMMx","{}","{https://t.co/5PJiztgMMx}","{}",11590,2082,,
831603766554132481,822215679726100480,"2017-02-14 20:39:23","Remarks by President Trump at Parent-Teacher Conference Listening Session 
https://t.co/qZC9KQDsDK","{}","{https://t.co/qZC9KQDsDK}","{}",11976,2273,,
831608007960252417,822215679726100480,"2017-02-14 20:56:14","Watch Dr. David Shulkin- new @DeptVetAffairs Secretary being sworn-in by @VP Pence:
https://t.co/fjJOpFkqi5 https://t.co/s9ZGynLM2i","{}","{https://t.co/fjJOpFkqi5}","{78408666,818910970567344128}",16192,2816,,
831609061175078913,822215679726100480,"2017-02-14 21:00:25","Congratulations to our new Administrator of the Small Business Administration, Linda McMahon! Swearing-in:... https://t.co/lEkOxCr0bV","{}","{https://t.co/lEkOxCr0bV}","{}",26282,5047,,
831663829511700481,822215679726100480,"2017-02-15 00:38:03","RT @VP: Small business is at the heart of the American success story, &amp; @Linda_McMahon knows this better than most. No one more fitting to...","{}","{}","{818910970567344128,65522706}",0,3987,,
831663837732564992,822215679726100480,"2017-02-15 00:38:05","RT @VP: As @DeptVetAffairs Secretary, Dr. David Shulkin will fulfill our nation's promise to care for those who have sacrificed for our fre...","{}","{}","{818910970567344128,78408666}",0,3952,,
831867590951710721,822215679726100480,"2017-02-15 14:07:43","Looking forward as well Prime Minister @netanyahu. https://t.co/2M2zrPEbNO","{}","{https://t.co/2M2zrPEbNO}","{17061263}",32235,5104,831612495517380608,
831887566618124288,822215679726100480,"2017-02-15 15:27:06","Join me live - for a listening session with the Retail Industry Leaders Association at the @WhiteHouse. 
Watch: https://t.co/CQIWupTTb9","{}","{https://t.co/CQIWupTTb9}","{822215673812119553}",14510,2328,,
831910401214468096,822215679726100480,"2017-02-15 16:57:50","Join us live! -DJT https://t.co/2qhxW1Cukd","{}","{https://t.co/2qhxW1Cukd}","{}",16399,2526,831901345636577280,
831954221624868864,822215679726100480,"2017-02-15 19:51:58","RT @IsraeliPM: Photos: Prime Minister Benjamin Netanyahu &amp; Mrs Sara Netanyahu welcomed at the @WhiteHouse by @POTUS Donald Trump &amp; @FLOTUS...","{}","{}","{141084952,822215673812119553,822215679726100480,818876014390603776}",0,5033,,
832016533949972481,822215679726100480,"2017-02-15 23:59:34","RT @realDonaldTrump: Venezuela should allow Leopoldo Lopez, a political prisoner &amp; husband of @liliantintori (just met w/ @marcorubio) out...","{}","{}","{25073877,62917505,15745368}",0,53199,,
832348714475876356,822215679726100480,"2017-02-16 21:59:32","RT @netanyahu: An excellent meeting with @VP Mike Pence - a true friend of Israel! https://t.co/XMp2gVOOD2","{}","{}","{17061263,818910970567344128}",0,8422,,
832420455281807366,822215679726100480,"2017-02-17 02:44:36","'President Trump Hosts Israeli Prime Minister Benjamin Netanyahu at the White House' https://t.co/5bRbbeHhKK https://t.co/iJYf9AU89t","{}","{https://t.co/5bRbbeHhKK}","{}",29831,4807,,
832446133293215744,822215679726100480,"2017-02-17 04:26:38","'President Trump: Putting Coal Country Back to Work'
https://t.co/t8mgQJq0fL","{}","{https://t.co/t8mgQJq0fL}","{}",29657,5514,,
832447477391491073,822215679726100480,"2017-02-17 04:31:59","#MakeAmericaGreatAgain https://t.co/iwkcH3BBAG","{MakeAmericaGreatAgain}","{}","{}",52952,11383,,
832593253379796992,822215679726100480,"2017-02-17 14:11:15","RT @PressSec: .@POTUS heading to Charleston, SC to unveil the new @Boeing 787 Dreamliner.","{}","{}","{818927131883356161,822215679726100480,25103967}",0,3219,,
832611295832768513,822215679726100480,"2017-02-17 15:22:56","RT @WhiteHouse: Join us at 11am EST for @POTUS Trump's Weekly Address: https://t.co/yNfQwKdlE2 https://t.co/0RRosyS5EB","{}","{http://45.wh.gov/XYQXNw}","{822215673812119553,822215679726100480}",0,3517,,
832643569768767489,822215679726100480,"2017-02-17 17:31:11","Just arrived in South Carolina!
https://t.co/EFvXOKa8ur https://t.co/I9SF9Fc0zM","{}","{https://instagram.com/p/BQnwHwuA8Tb/}","{}",32582,5070,,
832668984537468928,822215679726100480,"2017-02-17 19:12:10","Congratulations to our new @EPA Administrator, Scott Pruitt! https://t.co/TuZFWdrTmn","{}","{}","{14615871}",40109,8291,,
833811223980412928,822215679726100480,"2017-02-20 22:51:01","Congratulations to our new National Security Advisor, General H.R. McMaster! https://t.co/X1AYe4049o","{}","{}","{}",54233,10697,,
834782600946446337,822215679726100480,"2017-02-23 15:10:56","'Trump on track to aggressively address immigration, crime' 
https://t.co/cnXPj3bNnF","{}","{http://www.usatoday.com/story/opinion/policing/2017/02/22/policing-the-usa-police-trump-cops-crime/98176750/}","{}",22966,4754,,
834813661982109696,822215679726100480,"2017-02-23 17:14:21","Listening session with manufacturing CEO's at the @WhiteHouse this morning. Watch: https://t.co/PwW12Yqgtq https://t.co/aFZuLgIvIK","{}","{https://www.facebook.com/DonaldTrump/posts/10158697369085725}","{822215673812119553}",19394,4039,,
834826008868040704,822215679726100480,"2017-02-23 18:03:25","RT @VP: We hosted some of the country's largest manufacturers for small working group sessions to discuss the need to boost job creation in...","{}","{}","{818910970567344128}",0,3702,,
834855800560611334,822215679726100480,"2017-02-23 20:01:48","Great job - see you tomorrow at 10amE! #CPAC2017 https://t.co/bO99P9CCg5","{CPAC2017}","{https://twitter.com/cpac/status/834847308315516929}","{}",17985,3577,834847308315516929,
834873249502724097,822215679726100480,"2017-02-23 21:11:08","'Cisco chairman John Chambers explains how Trump will be a boon to tech startups' https://t.co/9722yIAh5g","{}","{http://www.cnbc.com/2017/02/23/cisco-chairman-john-chambers-trump-will-help-startups.html?utm_source=dlvr.it&utm_medium=twitter}","{}",15038,3492,,
834876593583579141,822215679726100480,"2017-02-23 21:24:25","'President Donald J. Trump will speak at the Conservative Political Action Conference (CPAC) on Friday, February 24... https://t.co/FlJaDWdQxK","{}","{https://twitter.com/i/web/status/834876593583579141}","{}",20301,4300,,
834955241569255425,822215679726100480,"2017-02-24 02:36:56","#MakeAmericaGreatAgain https://t.co/JcqPyZcSq3","{MakeAmericaGreatAgain}","{https://twitter.com/cpac/status/834934441046749184}","{}",20826,4031,834934441046749184,
835115187564867585,822215679726100480,"2017-02-24 13:12:31","The FBI is totally unable to stop the national security ""leakers"" that have permeated our government for a long....https://t.co/1I6K2JnFnE","{}","{https://www.facebook.com/DonaldTrump/posts/10158701331005725}","{}",18442,4109,,
835147981926051844,822215679726100480,"2017-02-24 15:22:49","Join me live at @CPAC! #CPAC2017
https://t.co/lPhjLZHFwe https://t.co/Onh4ykx72y","{CPAC2017}","{https://www.facebook.com/POTUS/videos/1263074383761999/}","{120295432}",15382,2336,,
835164363145293824,822215679726100480,"2017-02-24 16:27:55","The media didn't think we would win. The pundits didn't think we would win. The consultants didn't think...cont:... https://t.co/1HSRga4q77","{}","{https://twitter.com/i/web/status/835164363145293824}","{}",18794,3593,,
835165269249130501,822215679726100480,"2017-02-24 16:31:31","Our victory was a win for every hardworking citizen in this country who believes in freedom, security and....cont:... https://t.co/MH8ZSc7OHA","{}","{https://twitter.com/i/web/status/835165269249130501}","{}",20324,4010,,
835166189743656965,822215679726100480,"2017-02-24 16:35:10","We are preparing to #RepealAndReplace the disaster known as #Obamacare - we are going to....cont: https://t.co/IEr2SghRIm","{RepealAndReplace,Obamacare}","{https://www.facebook.com/DonaldTrump/posts/10158702207585725}","{}",20016,3496,,
835167077048672256,822215679726100480,"2017-02-24 16:38:42","We are going to massively lower taxes on the middle class, reduce taxes on American business, and make our....cont: https://t.co/IdDBsvYynT","{}","{https://www.facebook.com/DonaldTrump/posts/10158702216005725}","{}",25009,4768,,
835168825322713088,822215679726100480,"2017-02-24 16:45:39","We are also putting in a massive budget request for the military, and we will be substantially upgrading....cont:... https://t.co/USPslAsBvH","{}","{https://twitter.com/i/web/status/835168825322713088}","{}",19603,3551,,
835170012373598208,822215679726100480,"2017-02-24 16:50:22","We inherited a national debt that has doubled in eight years. We inherited a foreign policy marked by one....cont: https://t.co/r0koJ91b4Q","{}","{https://www.facebook.com/DonaldTrump/posts/10158702293000725}","{}",20507,3989,,
835173046977703936,822215679726100480,"2017-02-24 17:02:25","One by one, we are checking off the promises we made to the people of the United States....cont: https://t.co/3toujY1nLk","{}","{https://www.facebook.com/DonaldTrump/posts/10158702333575725}","{}",27761,5406,,
835214271453806592,822215679726100480,"2017-02-24 19:46:14","This afternoon I signed an executive order to establish task forces that will help scrap job-killing regulations on... https://t.co/ImrztJhExu","{}","{https://twitter.com/i/web/status/835214271453806592}","{}",38303,8335,,
835223653893689344,822215679726100480,"2017-02-24 20:23:31","RT @WhiteHouse: .@POTUS Trump cuts through more red tape: https://t.co/KfAyQ757aq","{}","{http://45.wh.gov/5svrRP}","{822215673812119553,822215679726100480}",0,3271,,
835275100693880832,822215679726100480,"2017-02-24 23:47:57","Thank you #CPAC2017! 
https://t.co/H66racvGwR https://t.co/TbegxBj6uY","{CPAC2017}","{https://instagram.com/p/BQ6bgbQgpTq/}","{}",27113,5012,,
835571208842260481,822215679726100480,"2017-02-25 19:24:35","Weekly Address from @WhiteHouse: [?]https://t.co/7PgkrtM0OY https://t.co/O43Y05vaQV","{}","{http://45.wh.gov/Z6FYHt}","{822215673812119553}",18085,3462,,
835630731032424450,822215679726100480,"2017-02-25 23:21:06","I will not be attending the White House Correspondents' Association Dinner this year. Please wish everyone well and have a great evening!","{}","{}","{}",48030,8239,,
835923804983603202,822215679726100480,"2017-02-26 18:45:40","Russia talk is FAKE NEWS put out by the Dems, and played up by the media, in order to mask the big election defeat and the illegal leaks!","{}","{}","{}",35918,8085,,
835955231225692160,822215679726100480,"2017-02-26 20:50:33","Big dinner with Governors tonight at White House. Much to be discussed, including healthcare.","{}","{}","{}",36918,5732,,
836229996175831041,822215679726100480,"2017-02-27 15:02:22","#Obamacare has failed. We are going to #RepealAndReplace! https://t.co/4jusbJ9qLc","{Obamacare,RepealAndReplace}","{}","{}",33771,6740,,
836261554135924736,822215679726100480,"2017-02-27 17:07:46","Great meeting with CEOs of leading U.S. health insurance companies who provide great healthcare to the American peo... https://t.co/xpgnT28EOY","{}","{https://twitter.com/i/web/status/836261554135924736}","{}",28831,4964,,
836380135444086784,822215679726100480,"2017-02-28 00:58:58","Congratulations to our new Secretary of @CommerceGov, Wilbur Ross! https://t.co/pMmlLRzwky","{}","{}","{110541296}",26475,5230,,
836413040614588418,822215679726100480,"2017-02-28 03:09:43","Thank you to the great presidents of our #HBCUs for their commitment to higher education. Read more here:... https://t.co/2qS4FgnCe2","{HBCUs}","{https://twitter.com/i/web/status/836413040614588418}","{}",26012,6319,,
836416283340070912,822215679726100480,"2017-02-28 03:22:36","I will be interviewed on @foxandfriends at 6:00 A.M. Enjoy!","{}","{}","{15513604}",24594,3431,,
836589045560053763,822215679726100480,"2017-02-28 14:49:06","RT @WhiteHouse: Watch LIVE as @VP Pence participates in the swearing-in of the Secretary of @CommerceGov, Wilbur Ross:  https://t.co/tAR4mM...","{}","{}","{822215673812119553,818910970567344128,110541296}",0,1832,,
836694740708044801,822215679726100480,"2017-02-28 21:49:05","RT @IvankaTrump: Proud to support the signing of H.R. 321 &amp; 255. #ClosingTheGenderGap in STEM fields is vital to innovation and workforce d...","{ClosingTheGenderGap}","{}","{52544275}",0,6922,,
836709052046528513,822215679726100480,"2017-02-28 22:45:57","RT @Scavino45: Find out what Executive Orders @POTUS @realDonaldTrump signed today at the @WhiteHouse! Entire video here: https://t.co/2ZuN...","{}","{}","{823367015830323201,822215679726100480,25073877,822215673812119553}",0,2213,,
836711762762280961,822215679726100480,"2017-02-28 22:56:44","RT @WhiteHouse: Tune in LIVE tonight at 9pm EST for @POTUS Trump's #JointAddress: https://t.co/TFWe9JNfFZ https://t.co/4uOlQ2xrJ4","{JointAddress}","{http://45.wh.gov/eXTTGS}","{822215673812119553,822215679726100480}",0,2529,,
836754740105064448,822215679726100480,"2017-03-01 01:47:30","RT @VP: Karen and I on our way to hear @POTUS speak directly to America about his optimistic vision. WATCH: https://t.co/xkAkG9LbWa #JointA...","{}","{http://45.wh.gov/eXTTGS}","{818910970567344128,822215679726100480}",0,2263,,
836757215763697664,822215679726100480,"2017-03-01 01:57:21","#JointSession #MAGA
https://t.co/DcUUhLyFRU","{JointSession,MAGA}","{https://twitter.com/realDonaldTrump/status/836750538943377408}","{}",10732,1546,836750538943377408,
836760638416437248,822215679726100480,"2017-03-01 02:10:57","We are a country that stands united in condemning hate and evil in all of its very ugly forms. #JointAddress","{JointAddress}","{}","{}",22687,4570,,
836760755001249792,822215679726100480,"2017-03-01 02:11:24","I am here tonight to deliver a message of unity and strength, and it is a message deeply delivered from my heart. #JointAddress","{JointAddress}","{}","{}",21951,3927,,
836760865739325442,822215679726100480,"2017-03-01 02:11:51","A surge of optimism is placing impossible dreams firmly within our grasp. What we are witnessing today is the Renewal of the #AmericanSpirit","{AmericanSpirit}","{}","{}",21159,3782,,
836760999843758082,822215679726100480,"2017-03-01 02:12:23","RT @WhiteHouse: This is the #AmericanSpirit. #JointAddress https://t.co/OgllGrPTe9","{AmericanSpirit,JointAddress}","{}","{822215673812119553}",0,2288,,
836761614594555904,822215679726100480,"2017-03-01 02:14:49","America must put its own citizens first, because only then can we truly Make America Great Again! #JointAddress #AmericanSpirit","{JointAddress,AmericanSpirit}","{}","{}",26219,5389,,
836761877388603393,822215679726100480,"2017-03-01 02:15:52","Above all else, we will keep our promises to the American People. #JointAddress #AmericanSpirit","{JointAddress,AmericanSpirit}","{}","{}",22964,3974,,
836762913545334785,822215679726100480,"2017-03-01 02:19:59","RT @WhiteHouse: Fighting for American Workers #JointAddress #AmericanSpirit https://t.co/jwh7SgW7Og","{JointAddress,AmericanSpirit}","{}","{822215673812119553}",0,2546,,
836763116058918912,822215679726100480,"2017-03-01 02:20:47","I have issued a new directive that American pipelines must be made with American steel. #JointAddress #AmericanSpirit","{JointAddress,AmericanSpirit}","{}","{}",21271,3472,,
836763411027472384,822215679726100480,"2017-03-01 02:21:58","We will stop the drugs from pouring into our country &amp; poisoning our youth, and we will expand treatment for those who have become addicted.","{}","{}","{}",26885,4640,,
836763740028678148,822215679726100480,"2017-03-01 02:23:16","My Administration has answered the pleas of the American people for immigration enforcement and border security. #JointAddress","{JointAddress}","{}","{}",20695,3552,,
836763907566026752,822215679726100480,"2017-03-01 02:23:56","As we speak, we are removing gang members, drug dealers and criminals that threaten our communities and prey on our citizens. #JointAddress","{JointAddress}","{}","{}",24536,4536,,
836764295513927680,822215679726100480,"2017-03-01 02:25:29","It is not compassionate, but reckless, to allow uncontrolled entry from places where proper vetting cannot occur. #JointAddress","{JointAddress}","{}","{}",26047,5733,,
836765395608604674,822215679726100480,"2017-03-01 02:29:51","In the last 8 years, the past Administration has put on more new debt than nearly all other Presidents combined. #JointAddress","{JointAddress}","{}","{}",21036,4382,,
836765563854651393,822215679726100480,"2017-03-01 02:30:31","Solving these problems will require us to tap into the #AmericanSpirit that has overcome every challenge throughout our storied history.","{AmericanSpirit}","{}","{}",19698,3107,,
836765640383922177,822215679726100480,"2017-03-01 02:30:49","We must restart the engine of the American economy, making it easier for companies to do business in the US &amp; much harder for them to leave!","{}","{}","{}",28952,4695,,
836765872991633408,822215679726100480,"2017-03-01 02:31:45","My team is developing historic tax reform that will reduce the tax rate on our companies &amp; provide massive tax relief for the middle class.","{}","{}","{}",26914,4437,,
836766505899544576,822215679726100480,"2017-03-01 02:34:16","I believe in free trade, but it also must be FAIR TRADE. I'm not going to let our great companies and workers be taken advantage of anymore!","{}","{}","{}",29112,4839,,
836767582208274432,822215679726100480,"2017-03-01 02:38:32","The time has come for a new program of national rebuilding that will be guided by two core principles: Buy American, and Hire American!","{}","{}","{}",29809,5286,,
836767771790819330,822215679726100480,"2017-03-01 02:39:17","I am calling on Congress to REPEAL &amp; REPLACE OBAMACARE with reforms that expand choice, increase access, lower costs &amp; provide better care.","{}","{}","{}",33483,5827,,
836768336163799040,822215679726100480,"2017-03-01 02:41:32","Obamacare is collapsing - and we must act decisively to protect all Americans. Action is not a choice, it is a necessity. #JointAddress","{JointAddress}","{}","{}",24560,4052,,
836768610014138368,822215679726100480,"2017-03-01 02:42:37","We must ensure that Americans with pre-existing conditions have access to coverage. #JointAddress","{JointAddress}","{}","{}",26368,4103,,
836769181588676608,822215679726100480,"2017-03-01 02:44:53","The time has come to give Americans the freedom to purchase health insurance across state lines! #JointAddress","{JointAddress}","{}","{}",25618,4228,,
836769839163277312,822215679726100480,"2017-03-01 02:47:30","RT @WhiteHouse: ""Our citizens deserve this, and so much more - so why not join forces to finally get it done?"" #JointAddress https://t.co/r...","{JointAddress}","{}","{822215673812119553}",0,4018,,
836770458624208897,822215679726100480,"2017-03-01 02:49:58","Education is the civil rights issue of our time. I am calling for an education bill that funds school choice for disadvantaged youth.","{}","{}","{}",34996,6273,,
836770881179385859,822215679726100480,"2017-03-01 02:51:39","EVERY American child should be able to grow up in a safe community, to attend a great school, and to have access to a high-paying job.","{}","{}","{}",41236,7277,,
836771138244083717,822215679726100480,"2017-03-01 02:52:40","We must support the incredible men and women of law enforcement. #JointAddress #AmericanSpirit","{JointAddress,AmericanSpirit}","{}","{}",38127,7607,,
836772084445507584,822215679726100480,"2017-03-01 02:56:26","We must provide the men and women of the U.S. Military with the tools they need to prevent war and - if they must - TO FIGHT AND TO WIN.","{}","{}","{}",37707,7024,,
836772393720897536,822215679726100480,"2017-03-01 02:57:39","My budget will increase funding for our Veterans. Our Veterans have delivered for this nation. Now we MUST deliver for them. #JointAddress","{JointAddress}","{}","{}",35307,6855,,
836773012884049921,822215679726100480,"2017-03-01 03:00:07","Ryan's legacy is etched into eternity. #AmericanSpirit","{AmericanSpirit}","{}","{}",38805,7178,,
836774309192478720,822215679726100480,"2017-03-01 03:05:16","We want harmony and stability, not war and conflict. We want peace, wherever peace can be found. #JointAddress #AmericanSpirit","{JointAddress,AmericanSpirit}","{}","{}",38882,7579,,
836774679562043392,822215679726100480,"2017-03-01 03:06:44","Think of the marvels we can achieve if we simply set free the dreams of our people. #AmericanSpirit #JointAddress","{AmericanSpirit,JointAddress}","{}","{}",36147,6459,,
836774995279892480,822215679726100480,"2017-03-01 03:08:00","We are one people, with one destiny.

We all bleed the same blood.

We all salute the same flag.

And we are all made by the same God.","{}","{}","{}",129848,39755,,
836775337342160896,822215679726100480,"2017-03-01 03:09:21","I am asking all citizens to embrace this Renewal of the #AmericanSpirit. #JointAddress","{AmericanSpirit,JointAddress}","{}","{}",53746,11098,,
836780803245944833,822215679726100480,"2017-03-01 03:31:04","A new chapter of American Greatness is now beginning. #AmericanSpirit","{AmericanSpirit}","{}","{}",54342,11789,,
836965783775367172,822215679726100480,"2017-03-01 15:46:07","THANK YOU!
https://t.co/3MKdgMsNIM","{}","{https://twitter.com/i/moments/836800167781285889}","{}",39499,8144,,
836978465870086144,822215679726100480,"2017-03-01 16:36:31","Congratulations to our new Secretary of @Interior, Ryan Zinke! https://t.co/j4Tqcl5hmQ","{}","{}","{76348185}",33365,6337,,
837007578055979012,822215679726100480,"2017-03-01 18:32:12","RT @WhiteHouse: ICYMI: Watch @POTUS Trump's #JointAddress to Congress https://t.co/zT56mxV2St","{JointAddress}","{http://snpy.tv/2ld5pY1}","{822215673812119553,822215679726100480}",0,5265,,
837445213249470469,822215679726100480,"2017-03-02 23:31:12","Congratulations to our new Secretary of @HUDgov, Dr. Ben Carson! https://t.co/VhwZWxoxV3","{}","{}","{19948202}",54648,10996,,
837445887580385280,822215679726100480,"2017-03-02 23:33:53","Congratulations to our new Secretary of @ENERGY, Rick Perry! https://t.co/gt7VWGrmu7","{}","{}","{166252256}",42209,7979,,
837520606262349824,822215679726100480,"2017-03-03 04:30:47","Jeff Sessions is an honest man. He did not say anything wrong. He could have stated his....https://t.co/woEQgNejjK","{}","{https://instagram.com/p/BRKZ4h3gSX0/}","{}",31637,5952,,
837538265796235264,822215679726100480,"2017-03-03 05:40:57","RT @USNavy: .@POTUS visits #USNavy's future  #USSGeraldRFord #CVN78 - https://t.co/E16tCVq3tK https://t.co/Qw26T5lexd","{USNavy,USSGeraldRFord,CVN78}","{https://go.usa.gov/xXcnp}","{54885400,822215679726100480}",0,4269,,
837683101266493440,822215679726100480,"2017-03-03 15:16:29","RT @WhiteHouse: Watch @POTUS Trump's Weekly Address today at 11:00am EST: https://t.co/vi7eJ7Wi3E https://t.co/KZFHqXkwME","{}","{http://45.wh.gov/zPTKbq,https://twitter.com/WhiteHouse/status/837473351064924161}","{822215673812119553,822215679726100480}",0,2346,,
837694901789818880,822215679726100480,"2017-03-03 16:03:22","Watch my Weekly Address: 

https://t.co/VqJZUBUJpr

Enjoy! https://t.co/6KA9Zr7IHs","{}","{https://www.facebook.com/POTUS/posts/1269965879739516}","{}",19393,4363,,
837770710655381504,822215679726100480,"2017-03-03 21:04:37","I hereby demand a second investigation, after Schumer, of Pelosi for her close ties to Russia, and lying about it. https://t.co/ZLTxCuY9qU","{}","{http://www.politico.com/story/2017/03/nancy-pelosi-sergey-kislyak-meeting-235653}","{}",45160,13715,,
837788844573483008,822215679726100480,"2017-03-03 22:16:40","MAKE AMERICA GREAT AGAIN! https://t.co/O08AlsWQzu","{}","{}","{}",53661,14714,,
837799383139770368,822215679726100480,"2017-03-03 22:58:33","#ICYMI- join me on the soon to be commissioned #USSGeraldRFord. You can watch here: https://t.co/MTMfLbed3q https://t.co/H64lSJ8Wuq","{ICYMI,USSGeraldRFord}","{https://www.facebook.com/POTUS/videos/1269162123153225/}","{}",20973,3902,,
838897786892468225,822215679726100480,"2017-03-06 23:43:13","There is an incredible spirit of optimism sweeping the country right now--we're bringing back the JOBS!
Watch:... https://t.co/srsZd8owBa","{}","{https://twitter.com/i/web/status/838897786892468225}","{}",31475,6630,,
838908081643859968,822215679726100480,"2017-03-07 00:24:07","House just introduced the bill to #RepealAndReplace #Obamacare. Time to end this nightmare. 
https://t.co/z4A27JwaXX","{RepealAndReplace,Obamacare}","{http://spkrryan.us/2lUBH6x}","{}",36842,10017,,
839099211266285568,822215679726100480,"2017-03-07 13:03:36","122 vicious prisoners, released by the Obama Administration from Gitmo, have returned to the battlefield. Just another terrible decision!","{}","{}","{}",32969,8405,,
839099397900288002,822215679726100480,"2017-03-07 13:04:20","Our wonderful new Healthcare Bill is now out for review and negotiation. #ObamaCare is a complete and total disaster - is imploding fast!","{ObamaCare}","{}","{}",25746,4601,,
839100602038763521,822215679726100480,"2017-03-07 13:09:07","A new chapter of AMERICAN GREATNESS is now beginning. Together, we will MAKE AMERICA GREAT AGAIN!... https://t.co/NSbJ6N93GM","{}","{https://twitter.com/i/web/status/839100602038763521}","{}",27769,6130,,
839132604444131330,822215679726100480,"2017-03-07 15:16:17","Don't let the FAKE NEWS tell you that there is big infighting in the Trump Admin. We are getting along great, and getting major things done!","{}","{}","{}",46832,9736,,
839210736450748417,822215679726100480,"2017-03-07 20:26:46","#ConfirmGorsuch #SCOTUS https://t.co/cst1KtlUcY","{ConfirmGorsuch,SCOTUS}","{}","{}",34047,10041,,
839268685940461569,822215679726100480,"2017-03-08 00:17:02","I feel sure that my friend @RandPaul will come along with the new and great health care program because he knows Obamacare is a disaster!","{}","{}","{216881337}",29988,5519,,
839434246368477184,822215679726100480,"2017-03-08 11:14:54","I have tremendous respect for women and the many roles they serve that are vital to the fabric of our society and our economy.","{}","{}","{}",40756,7107,,
839434396717432832,822215679726100480,"2017-03-08 11:15:30","On International Women's Day, join me in honoring the critical role of women here in America &amp; around the world. https://t.co/eAbd9OiUl5","{}","{https://twitter.com/potus/status/839434246368477184}","{}",30644,6054,839434246368477184,
839502021262725120,822215679726100480,"2017-03-08 15:44:13","U.S. private sector job creation surging with nearly 300K created last month. Much more than expected! https://t.co/XYf0Sc4eqG","{}","{http://www.cnbc.com/2017/03/08/private-sector-jobs-february-2017-adp.html}","{}",28941,7092,,
839582076550672393,822215679726100480,"2017-03-08 21:02:20","#RepealAndReplace #Obamacare
https://t.co/co5mMBv7Aa","{RepealAndReplace,Obamacare}","{https://twitter.com/i/moments/839569126322499584}","{}",18690,3690,,
839625471071502336,822215679726100480,"2017-03-08 23:54:46","Met with @RepCummings today at the @WhiteHouse. Great discussion!","{}","{}","{787373558,822215673812119553}",17873,2510,,
839625545948233730,822215679726100480,"2017-03-08 23:55:04","Great news. We are only just beginning. Together, we are going to #MAGA! https://t.co/4QayxcKjoR https://t.co/fOuQkzzgRH","{MAGA}","{https://instagram.com/p/BRZROKmg-st/}","{}",30496,7491,,
839883896959483904,822215679726100480,"2017-03-09 17:01:39","Despite what you hear in the press, healthcare is coming along great. We are talking to many groups and it will end in a beautiful picture!","{}","{}","{}",33185,5590,,
839901515712245760,822215679726100480,"2017-03-09 18:11:40","Great listening session with CEOs of community banks today at the @WhiteHouse! https://t.co/kQ8p2Y6nBV https://t.co/TyNGFWSpiM","{}","{https://instagram.com/p/BRbUwDYgLg3/}","{822215673812119553}",18133,3520,,
839902400139919360,822215679726100480,"2017-03-09 18:15:11","Join @PressSec at https://t.co/9OsPtLVgfw for today's briefing!","{}","{http://whitehouse.gov}","{818927131883356161}",10660,1694,,
839926426753183744,822215679726100480,"2017-03-09 19:50:39","Great legislative affairs meeting this afternoon at the @WhiteHouse. https://t.co/Pu3cx6Jj2E","{}","{}","{822215673812119553}",19753,3940,,
839978944543752193,822215679726100480,"2017-03-09 23:19:21","Honored to meet this years @SenateYouth delegates w/ @VP Pence in the East Room of the @WhiteHouse. Congratulations... https://t.co/NuZIDEJlLm","{}","{https://twitter.com/i/web/status/839978944543752193}","{1418226576,818910970567344128,822215673812119553}",21024,3750,,
840226451551051776,822215679726100480,"2017-03-10 15:42:51","Weekly Address - 11:00 A.M. at the @WhiteHouse! #MAGA
[?]https://t.co/EMAjO07GuJ https://t.co/RjOook4k0I","{MAGA}","{http://45.wh.gov/hcdvxr}","{822215673812119553}",13535,2686,,
840268068853014528,822215679726100480,"2017-03-10 18:28:13","Join @PressSec live- coming up soon! https://t.co/EOpAFnlG7W","{}","{https://www.whitehouse.gov/}","{818927131883356161}",10060,1634,,
840269011770318848,822215679726100480,"2017-03-10 18:31:58","Great meeting w/ the healthcare specific House Committee Leadership this afternoon at the @WhiteHouse. #ReadTheBill... https://t.co/yDofamvQ8r","{ReadTheBill}","{https://twitter.com/i/web/status/840269011770318848}","{822215673812119553}",15316,3091,,
840270290483593217,822215679726100480,"2017-03-10 18:37:03","We are taking steps to stabilize health insurance markets and start bringing down costs for MILLIONS of people affected by #Obamacare.","{Obamacare}","{}","{}",30641,5731,,
840286677637746689,822215679726100480,"2017-03-10 19:42:10","Three-Pronged Approach to REPEAL AND REPLACE #Obamacare! 
[?]https://t.co/XCYPOc0bzi https://t.co/vSLVJ6KXao","{Obamacare}","{https://www.whitehouse.gov/repeal-and-replace}","{}",13852,3600,,
840558072334548992,822215679726100480,"2017-03-11 13:40:35","#ReadTheBill: https://t.co/jb8Yoyftyz https://t.co/d9kVtHW1bk","{ReadTheBill}","{https://housegop.leadpages.co/healthcare/}","{}",14189,3339,,
840568025250189312,822215679726100480,"2017-03-11 14:20:08","#ICYMI- Weekly Address:
https://t.co/EMAjO07GuJ https://t.co/ZqPAERhu8C","{ICYMI}","{http://45.wh.gov/hcdvxr}","{}",12551,2394,,
840575046003367936,822215679726100480,"2017-03-11 14:48:02","We are making great progress with healthcare. ObamaCare is imploding and will only get worse. Republicans coming together to get job done!","{}","{}","{}",31767,5080,,
840602660478820352,822215679726100480,"2017-03-11 16:37:46","RT @VP: LISTEN LIVE as I deliver remarks at @HarshawTrane in Louisville, KY. https://t.co/EEgtfnO4KB","{}","{https://www.whitehouse.gov/live/vice-president-pence-delivers-remarks-harshaw-trane}","{818910970567344128,75075915}",0,1795,,
840674990781542400,822215679726100480,"2017-03-11 21:25:11","RT @WhiteHouse: .@POTUS Trump's First 50 Days of Action: Achieving Results for the American People https://t.co/Xw15oqp712 https://t.co/HMD...","{}","{http://45.wh.gov/Mi2PCN}","{822215673812119553,822215679726100480}",0,4358,,
840675833937330177,822215679726100480,"2017-03-11 21:28:32","#MakeAmericaGreatAgain https://t.co/hDtpbl4oA9","{MakeAmericaGreatAgain}","{}","{}",31400,7758,,
841280320322306049,822215679726100480,"2017-03-13 13:30:33","It is amazing how rude much of the media is to my very hard working representatives. Be nice, you will do much better!","{}","{}","{}",37861,6806,,
841280466720309248,822215679726100480,"2017-03-13 13:31:08","ObamaCare is imploding. It is a disaster and 2017 will be the worst year yet, by far! Republicans will come together and save the day.","{}","{}","{}",28381,5083,,
841300388762509312,822215679726100480,"2017-03-13 14:50:17","#RepealAndReplace #Obamacare https://t.co/RO5aXJLadw https://t.co/SLuVWiU1cN","{RepealAndReplace,Obamacare}","{http://45.wh.gov/wmwewc,https://twitter.com/WhiteHouse/status/841295468613234689}","{}",10897,2132,841295468613234689,
841338416889491458,822215679726100480,"2017-03-13 17:21:24","Healthcare listening session w/ @VP &amp; @SecPriceMD. Watch: https://t.co/RO5aXJLadw #ReadTheBill:... https://t.co/MTwusn80GT","{ReadTheBill}","{http://45.wh.gov/wmwewc,https://twitter.com/i/web/status/841338416889491458}","{818910970567344128,829782369670410240}",12351,2280,,
841342785684922369,822215679726100480,"2017-03-13 17:38:46","Everyone along the east coast be safe and listen to local officials as a major winter storm approaches. @NWS... https://t.co/2OUG6NMuSe","{}","{https://twitter.com/i/web/status/841342785684922369}","{454313925}",23540,5652,841055797161426944,
841364009110687746,822215679726100480,"2017-03-13 19:03:06","RT @SecPriceMD: States need flexibility to develop #healthcare models that meet the needs of their communities, that | access | affordabili...","{healthcare}","{}","{829782369670410240}",0,2390,,
841391200322105344,822215679726100480,"2017-03-13 20:51:09","Proud to welcome our great Cabinet members to the @WhiteHouse this afternoon with @VP Pence. https://t.co/nwnSqk8wST","{}","{}","{822215673812119553,818910970567344128}",23430,4830,,
841403658491301893,822215679726100480,"2017-03-13 21:40:39","If Obamacare is so great, why'd they spend tens of millions of taxpayer dollars to 'hype' it? BAD! #RepealAndReplace https://t.co/5mur5pIFQz","{RepealAndReplace}","{http://nypost.com/2017/03/13/obama-admin-spent-77m-to-hype-obamacare-in-2016/}","{}",23004,6682,,
841418162851700736,822215679726100480,"2017-03-13 22:38:17","Meeting w/ Washington, D.C. @MayorBowser and Metro GM Paul Wiedefeld about incoming winter storm preparations here... https://t.co/NaadHfk7eB","{}","{https://twitter.com/i/web/status/841418162851700736}","{976542720}",16214,2930,,
841419266561835009,822215679726100480,"2017-03-13 22:42:40","RT @POTUS: Meeting w/ Washington, D.C. @MayorBowser and Metro GM Paul Wiedefeld about incoming winter storm preparations here in D.C. Every...","{}","{}","{822215679726100480,976542720}",0,2930,,
841424451648552961,822215679726100480,"2017-03-13 23:03:16","#Obamacare has led tocosts &amp; fewerhealth insurance options for millions of Americans. How has it impacted you? [?]... https://t.co/lphGtjak4Y","{Obamacare}","{https://twitter.com/i/web/status/841424451648552961}","{}",13576,3831,,
841666212190928901,822215679726100480,"2017-03-14 15:03:57","JOBS, JOBS, JOBS! https://t.co/FUwemhEaDK","{}","{}","{}",31139,7851,,
841683471428964353,822215679726100480,"2017-03-14 16:12:31","Great optimism in America - and the results will be even better! https://t.co/TwsySB06ac","{}","{https://www.bloomberg.com/news/articles/2017-03-14/ceo-optimism-rises-by-most-since-2009-business-roundtable}","{}",19246,3597,,
841749757726978050,822215679726100480,"2017-03-14 20:35:55","Congratulations Seema! https://t.co/abG2Wc5I0H","{}","{https://twitter.com/vp/status/841748547225694208}","{}",18220,3630,841748547225694208,
841787137372635136,822215679726100480,"2017-03-14 23:04:27","RT @WhiteHouse: Stories like Mr. Summers' are why @POTUS is fighting to #RepealAndReplace #Obamacare. Share your story here: https://t.co/d...","{RepealAndReplace,Obamacare}","{}","{822215673812119553,822215679726100480}",0,3402,,
841812296594776064,822215679726100480,"2017-03-15 00:44:26","RT @Scavino45: Join @POTUS @realDonaldTrump's team on Twitter -- @Cabinet! 
#MakeAmericaGreatAgain https://t.co/Bq6ewpPjIk","{MakeAmericaGreatAgain}","{}","{823367015830323201,822215679726100480,25073877,818928162449068032}",0,2508,,
841996129856282624,822215679726100480,"2017-03-15 12:54:55","Can you imagine what the outcry would be if @SnoopDogg, failing career and all, had aimed and fired the gun at President Obama? Jail time!","{}","{}","{3004231}",35401,8984,,
841996445884526593,822215679726100480,"2017-03-15 12:56:10","Will be going to Detroit, Michigan (love), today for a big meeting on bringing back car production to State &amp; U.S. Already happening!","{}","{}","{}",30102,4901,,
842005251720908800,822215679726100480,"2017-03-15 13:31:10","CEO's most optimistic since 2009. It will only get better as we continue to slash unnecessary regulations and when we begin our big tax cut!","{}","{}","{}",25472,4441,,
842036370419929089,822215679726100480,"2017-03-15 15:34:49","RT @WhiteHouse: .@POTUS is fighting to #RepealAndReplace #Obamacare because of stories like Mrs. Couey's. Share your own story: https://t.c...","{RepealAndReplace,Obamacare}","{}","{822215673812119553,822215679726100480}",0,3338,,
842076931482890243,822215679726100480,"2017-03-15 18:16:00","Join me LIVE as I deliver remarks at the American Center for Mobility [?] https://t.co/R12kH3S6Ap https://t.co/rQgH8Xw3n1","{}","{http://45.wh.gov/xKGZnD}","{}",12957,2285,,
842089893459300352,822215679726100480,"2017-03-15 19:07:30","""We are not simply here to honor the past, but to devote ourselves to a new future of American Automotive Leadershi... https://t.co/YAxFmNMYc8","{}","{https://twitter.com/i/web/status/842089893459300352}","{}",23416,4677,,
842090674275155969,822215679726100480,"2017-03-15 19:10:36","#BuyAmericanHireAmerican: it's a pledge! https://t.co/93VihEM5Yn","{BuyAmericanHireAmerican}","{}","{}",23131,5713,,
842091489563926528,822215679726100480,"2017-03-15 19:13:51","#MakeAmericaGreatAgain [?] https://t.co/R12kH3S6Ap https://t.co/wGnKwFgceJ","{MakeAmericaGreatAgain}","{http://45.wh.gov/xKGZnD}","{}",17214,3562,,
842117325490933760,822215679726100480,"2017-03-15 20:56:30","I will be interviewed by @TuckerCarlson tonight at 9:00 P.M. on @FoxNews. Enjoy!","{}","{}","{22703645,1367531}",23804,3880,,
842139935578722304,822215679726100480,"2017-03-15 22:26:21","Andrew Jackson: We thank you for your service. We honor your memory. We build on your legacy &amp; we thank God for the... https://t.co/D3hXIYeutZ","{}","{https://twitter.com/i/web/status/842139935578722304}","{}",33412,7554,,
842403424486449152,822215679726100480,"2017-03-16 15:53:22","A budget that puts #AmericaFirst must make safety its no. 1 priority--without safety there can be no prosperity: https://t.co/A0tlzHutF8","{AmericaFirst}","{http://45.wh.gov/NF9wr4}","{}",25075,5151,,
842470730205913088,822215679726100480,"2017-03-16 20:20:49","Congratulations @SenDanCoats!
#MakeAmericaGreatAgain https://t.co/b3KjESNdyG","{MakeAmericaGreatAgain}","{https://twitter.com/vp/status/842452913821777922}","{212262370}",14913,2621,842452913821777922,
842472370141052928,822215679726100480,"2017-03-16 20:27:20","We will rebuild our MILITARY. We will keep our people SAFE. We will take care of our VETS. We will put #AmericaFirst https://t.co/A0tlzHutF8","{AmericaFirst}","{http://45.wh.gov/NF9wr4}","{}",33489,7305,,
842506738314166272,822215679726100480,"2017-03-16 22:43:54","Great progress on healthcare. Improvements being made - Republicans coming together!","{}","{}","{}",26507,3858,,
842506837815640064,822215679726100480,"2017-03-16 22:44:17","My representatives had a great meeting w/ the Hispanic Chamber of Commerce at the WH today. Look forward to tremendous growth &amp; future mtgs!","{}","{}","{}",24102,3956,,
842551360822415361,822215679726100480,"2017-03-17 01:41:12","RT @DanScavino: Join @POTUS @Cabinet on Twitter! @SecPriceMD @EPAScottPruitt @SecElaineChao @SecretaryZinke @SecretaryCarson @SecretaryPerr...","{}","{}","{620571475,822215679726100480,818928162449068032,829782369670410240,832672006113931269,826065858548133888,827258161841135623,828613457020870657}",0,1987,,
842731171498938368,822215679726100480,"2017-03-17 13:35:43","Happy La Fheile Phadraig to all of my great Irish friends!","{}","{}","{}",24557,4003,,
842731249038999554,822215679726100480,"2017-03-17 13:36:01","North Korea is behaving very badly. They have been ""playing"" the United States for years. China has done little to help!","{}","{}","{}",27028,5530,,
842735618677506048,822215679726100480,"2017-03-17 13:53:23","RT @WhiteHouse: Today @POTUS welcomes the Chancellor of Germany, Angela Merkel, to the White House. 

Watch their press conference: https:/...","{}","{}","{822215673812119553,822215679726100480}",0,2777,,
842752987772674048,822215679726100480,"2017-03-17 15:02:24","Attending a great listening session with @DeptVetAffairs @SecShulkin in the Roosevelt Room. We are going to take ca... https://t.co/yThFvucOcy","{}","{https://twitter.com/i/web/status/842752987772674048}","{78408666,831482588246196225}",18347,3816,,
842832911644725248,822215679726100480,"2017-03-17 20:19:59","Great meeting with the @RepublicanStudy Committee this morning at the @WhiteHouse! https://t.co/U8gaHBVmW7","{}","{}","{22528309,822215673812119553}",15495,2557,,
842843417004724225,822215679726100480,"2017-03-17 21:01:44","RT @WhiteHouse: Stories like Dr. Armstrong's are why @POTUS is fighting to #RepealAndReplace #Obamacare. Share your story here: https://t.c...","{RepealAndReplace,Obamacare}","{}","{822215673812119553,822215679726100480}",0,3158,,
842872275980423168,822215679726100480,"2017-03-17 22:56:25","Weekly Address - 11:00 A.M. tomorrow! #MAGA  [?] https://t.co/ztQkg5Niwv https://t.co/P7n7b8T2cD","{MAGA}","{http://45.wh.gov/Jjp2ki}","{}",16153,3797,,
843135385731522561,822215679726100480,"2017-03-18 16:21:55","It's time to put #AmericaFirst when it comes to how we spend taxpayers' money. We will keep our people safe! 
https://t.co/A0tlzHutF8","{AmericaFirst}","{http://45.wh.gov/NF9wr4}","{}",33196,6964,,
843138446646501376,822215679726100480,"2017-03-18 16:34:05","Despite what you have heard from the FAKE NEWS, I had a GREAT meeting with German Chancellor Angela Merkel. Nevertheless, Germany owes...","{}","{}","{}",28345,5735,,
843138551239905281,822215679726100480,"2017-03-18 16:34:30","...vast sums of money to NATO &amp; the United States must be paid more for the powerful, and very expensive, defense it provides to Germany!","{}","{}","{}",20083,4110,,843138446646501376
843190961572368385,822215679726100480,"2017-03-18 20:02:45","RT @WhiteHouse: Stories like Ms. Sertich's are why @POTUS is fighting to #RepealAndReplace #Obamacare. Share your story here: https://t.co/...","{RepealAndReplace,Obamacare}","{}","{822215673812119553,822215679726100480}",0,3344,,
843444969532788737,822215679726100480,"2017-03-19 12:52:05","RT @WhiteHouse: #ICYMI: Watch @POTUS' Weekly Address https://t.co/99jsORXx4T https://t.co/qysLcgrfNK","{ICYMI}","{http://45.wh.gov/Jjp2ki}","{822215673812119553,822215679726100480}",0,3426,,
843495867655032833,822215679726100480,"2017-03-19 16:14:20","RT @WhiteHouse: Stories like Dr. Sethi's are why @POTUS is fighting to #RepealAndReplace #Obamacare. Share your story here: https://t.co/dz...","{RepealAndReplace,Obamacare}","{}","{822215673812119553,822215679726100480}",0,3205,,
843863057516380161,822215679726100480,"2017-03-20 16:33:25","FBI Director Comey refuses to deny he briefed President Obama on calls made by Michael Flynn to Russia. https://t.co/cUZ5KgBSYP","{}","{}","{}",26904,12890,,
843865267008655360,822215679726100480,"2017-03-20 16:42:12","The NSA and FBI tell Congress that Russia did not influence electoral process. https://t.co/d9HqkxYBt5","{}","{}","{}",31068,13322,,
843867194954076161,822215679726100480,"2017-03-20 16:49:52","NSA Director Rogers tells Congress unmasking individuals endangers national security. https://t.co/jTwjPINvNh","{}","{}","{}",17453,5445,,
843876462113554437,822215679726100480,"2017-03-20 17:26:41","FBI Director Comey says classified leaks to the media have been ""unusually active"" recently. https://t.co/WumDJSqaFA","{}","{}","{}",22188,7928,,
843881258593796098,822215679726100480,"2017-03-20 17:45:45","FBI Director Comey admits Obama's White House had ability to ""unmask"" American citizens. https://t.co/gIo6it9NcQ","{}","{https://m.youtube.com/watch?feature=youtu.be&v=eI8Eag_9LJ8}","{}",21264,8135,,
843902944579936256,822215679726100480,"2017-03-20 19:11:55","FBI Director Comey: fmr. DNI Clapper ""right"" to say no evidence of collusion between Russia and Trump Campaign.... https://t.co/nUMYPlJQdd","{}","{https://twitter.com/i/web/status/843902944579936256}","{}",23675,8479,,
844195400072486912,822215679726100480,"2017-03-21 14:34:02","RT @WhiteHouse: Join us LIVE as @POTUS signs the NASA Transition Authorization Act of 2017: https://t.co/5Vij4Hxejg https://t.co/43WyVVzVyq","{}","{http://45.wh.gov/YqCfXs}","{822215673812119553,822215679726100480}",0,1789,,
844197090615934976,822215679726100480,"2017-03-21 14:40:45","Judge Gorsuch is the kind of judge we need on #SCOTUS - someone with a brilliant legal mind &amp; a commitment to const... https://t.co/xBrIfE4zi3","{SCOTUS}","{https://twitter.com/i/web/status/844197090615934976}","{}",32545,8577,,
844211760416604161,822215679726100480,"2017-03-21 15:39:03","RT @GorsuchFacts: Judge Gorsuch's record speaks for itself. #ConfirmGorsuch #SCOTUS https://t.co/XBLe1Qgmsb","{ConfirmGorsuch,SCOTUS}","{}","{826093318878670848}",0,3273,,
844233605849268224,822215679726100480,"2017-03-21 17:05:51","Joined the @HouseGOP Conference this morning at the U.S. Capitol. https://t.co/5kRYOAIaCY #PassTheBill #MAGA... https://t.co/XH0BkfAcIK","{PassTheBill,MAGA}","{http://PassTheBill.GOP,https://twitter.com/i/web/status/844233605849268224}","{15207668}",12759,2316,,
844240632331866112,822215679726100480,"2017-03-21 17:33:46","Honored to sign S.442 today. With this legislation, we support @NASA's scientists, engineers, and astronauts in the... https://t.co/vT6kc10d85","{}","{https://twitter.com/i/web/status/844240632331866112}","{11348282}",24906,5816,,
844253966460436480,822215679726100480,"2017-03-21 18:26:45","#ConfirmGorsuch #SCOTUS https://t.co/ivDbR6KBKZ","{ConfirmGorsuch,SCOTUS}","{}","{}",20144,5126,,
844255118291845120,822215679726100480,"2017-03-21 18:31:20","#ConfirmGorsuch #SCOTUS https://t.co/9dTQDCmh3X","{ConfirmGorsuch,SCOTUS}","{}","{}",16409,3539,,
844258377299611650,822215679726100480,"2017-03-21 18:44:17","#ConfirmGorsuch #SCOTUS https://t.co/EnzFXVMp1M","{ConfirmGorsuch,SCOTUS}","{}","{}",23703,6159,,
844275965941485568,822215679726100480,"2017-03-21 19:54:10","RT @USDA: .@POTUS Proclaims March 21, 2017, as National Agriculture Day: https://t.co/EW14ZZdHkV #NationalAgDay","{NationalAgDay}","{http://ow.ly/Dta630a7LH9}","{61853389,822215679726100480}",0,2512,,
844638594878857217,822215679726100480,"2017-03-22 19:55:08","I spoke with PM Theresa May of the United Kingdom to offer my condolences on today's terror attack in London....... https://t.co/5FclJUWvr5","{}","{https://twitter.com/i/web/status/844638594878857217}","{}",40371,10566,,
844873366104244225,822215679726100480,"2017-03-23 11:28:02","You were given many lies with #Obamacare! Go with our plan! Call your Rep &amp; let them know you're behind #AHCA [?]... https://t.co/8J14RnhOVG","{Obamacare,AHCA}","{https://twitter.com/i/web/status/844873366104244225}","{}",21985,5502,,
844951731050074112,822215679726100480,"2017-03-23 16:39:25","We must #RepealANDReplace #Obamacare for the millions that are suffering. Tell your Rep you support #AHCA. Locator... https://t.co/If95ybn03H","{RepealANDReplace,Obamacare,AHCA}","{https://twitter.com/i/web/status/844951731050074112}","{}",16884,3983,,
845069278915235840,822215679726100480,"2017-03-24 00:26:31","Disastrous #Obamacare has led to higher costs &amp; fewer options. It will only continue to get worse! We must #RepealANDReplace. #PassTheBill","{Obamacare,RepealANDReplace,PassTheBill}","{}","{}",27110,6126,,
845248036330766338,822215679726100480,"2017-03-24 12:16:50","After seven horrible years of ObamaCare (skyrocketing premiums &amp; deductibles, bad healthcare), this is finally your chance for a great plan!","{}","{}","{}",27250,4841,,
845269215305195523,822215679726100480,"2017-03-24 13:40:59","The irony is that the Freedom Caucus, which is very pro-life and against Planned Parenthood, allows P.P. to continue if they stop this plan!","{}","{}","{}",21027,4453,,
845287107321061381,822215679726100480,"2017-03-24 14:52:05","THANK YOU! More conservative groups are endorsing #AHCA. @ACUConservative, @TeaPartyExpress and dozens more! #PassTheBill #RepealANDReplace","{AHCA,PassTheBill,RepealANDReplace}","{}","{56401482,16366471}",17749,3391,,
845320378725621762,822215679726100480,"2017-03-24 17:04:18","Today, I was pleased to announce the official approval of the presidential permit for the #KeystonePipeline. A grea... https://t.co/W5j8gdZ6QZ","{KeystonePipeline}","{https://twitter.com/i/web/status/845320378725621762}","{}",27703,5748,,
845623077052526592,822215679726100480,"2017-03-25 13:07:07","Weekly Address - 11:00 A.M. today! [?]https://t.co/CppERgEPBf https://t.co/tDAbRHdAi7","{}","{http://45.wh.gov/E2Txco}","{}",13323,2976,,
845649960855113728,822215679726100480,"2017-03-25 14:53:56","ObamaCare will explode and we will all get together and piece together a great healthcare plan for THE PEOPLE. Do not worry!","{}","{}","{}",43463,9079,,
845650434891091968,822215679726100480,"2017-03-25 14:55:49","Thank you @SecretaryPerry &amp; @GregAbbott_TX! #MAGA https://t.co/CkVRG1Vq7q","{MAGA}","{https://twitter.com/secretaryperry/status/845643949473607681}","{830128820447539208,90651198}",17803,3924,845643949473607681,
845697562875170819,822215679726100480,"2017-03-25 18:03:05","RT @NASA: Watch @WhiteHouse's weekly address about NASA Authorization Act signed by @POTUS, continuing missions of exploration https://t.co...","{}","{}","{11348282,822215673812119553,822215679726100480}",0,4212,,
845781411940454400,822215679726100480,"2017-03-25 23:36:17","Thanks you for all of the Trump Rallies today. Amazing support. We will all MAKE AMERICA GREAT AGAIN! https://t.co/qSD1tYUhmP","{}","{}","{}",46546,10421,,
846446865918783488,822215679726100480,"2017-03-27 19:40:33","Today I'm signing 4 bills under the Congressional Review Act that cancels regulations &amp; eliminates unnecessary, job... https://t.co/E8Ev8dnPfn","{}","{https://twitter.com/i/web/status/846446865918783488}","{}",29461,7840,,
846447280228110339,822215679726100480,"2017-03-27 19:42:12","I'll keep working with Congress, agencies, and the American people until we eliminate every unnecessary, job-killing regulation we can find!","{}","{}","{}",45259,10309,,
846745344528568320,822215679726100480,"2017-03-28 15:26:36","The failing @NYTimes would do much better if they were honest! 
https://t.co/TWtQcfXfS4","{}","{http://nypost.com/2017/03/27/the-new-york-times-ongoing-dishonesty-only-helps-trump/}","{807095}",23295,5321,,
846786537648017408,822215679726100480,"2017-03-28 18:10:17","RT @EPA: .@POTUS is at EPA today to announce an executive order directing us to review the Clean Power Plan. Watch it live: https://t.co/Be...","{}","{}","{14615871,822215679726100480}",0,1923,,
846786654950100992,822215679726100480,"2017-03-28 18:10:45","With the fraternal order of police in the Oval Office - after a great listening session in the Roosevelt Room at th... https://t.co/bfCWNQGNRq","{}","{https://twitter.com/i/web/status/846786654950100992}","{}",22349,4734,,
846841556690722817,822215679726100480,"2017-03-28 21:48:55","A NEW ERA IN AMERICAN ENERGY! 
#MadeInTheUSA
Watch here: https://t.co/cOb8TyTIq6 https://t.co/btBTQBE2Kc","{MadeInTheUSA}","{https://youtu.be/OdkThe_O50M}","{}",16561,3377,,
846883082842128384,822215679726100480,"2017-03-29 00:33:55","Tonight I'm proud to sign S. 305, which encourages the display of the U.S. flag on National Vietnam War Veterans Da... https://t.co/yH56XTXjTs","{}","{https://twitter.com/i/web/status/846883082842128384}","{}",38053,10056,,
846904972671238144,822215679726100480,"2017-03-29 02:00:54","RT @FLOTUS: .@POTUS and I enjoyed hosting members of the Senate &amp; guests this evening, along w @VP &amp; @SecondLady. Great conversation &amp; musi...","{}","{}","{818876014390603776,822215679726100480,818910970567344128,822127086194348032}",0,4908,,
846906227867078658,822215679726100480,"2017-03-29 02:05:54","My action today is the latest in a series of steps to create American jobs and to grow American wealth! #MAGA [?]... https://t.co/Q82PI9yMTQ","{MAGA}","{https://twitter.com/i/web/status/846906227867078658}","{}",22505,5741,,
847077970900602881,822215679726100480,"2017-03-29 13:28:20","If the people of our great country could only see how viciously and inaccurately my administration is covered by certain media! -DJT","{}","{}","{}",34119,7110,,
847271367518978048,822215679726100480,"2017-03-30 02:16:50","RT @realDonaldTrump: Today we honored our true American heroes on the first-ever National Vietnam War Veterans Day.
#ThankAVeteran https://...","{ThankAVeteran}","{}","{25073877}",0,14841,,
847272101086085121,822215679726100480,"2017-03-30 02:19:45",".@FLOTUS and I stopped by the Women's Empowerment Panel in the East Room of the @WhiteHouse today. #ICYMI, watch: https://t.co/HKTRfIvPFy","{ICYMI}","{http://45.wh.gov/5v2Pc1}","{818876014390603776,822215673812119553}",13230,2262,,
847273540940214272,822215679726100480,"2017-03-30 02:25:28","RT @SecShulkin: On this #NationalVietnamWarVeteransDay, we thank our #Vietnam Veterans for serving. https://t.co/HSEpI6AHw2 https://t.co/0O...","{NationalVietnamWarVeteransDay,Vietnam}","{http://bit.ly/2nw4GPr}","{831482588246196225}",0,2472,,
847274301493354496,822215679726100480,"2017-03-30 02:28:29","Congratulations David Friedman! https://t.co/8PGfIybRzZ","{}","{https://twitter.com/vp/status/847208933630595072}","{}",16377,3138,847208933630595072,
847499963894349824,822215679726100480,"2017-03-30 17:25:11","RT @WhiteHouse: Today @POTUS welcomes the Prime Minister of Denmark, @larsloekke, to the White House. https://t.co/htp6HYTbvs","{}","{}","{822215673812119553,822215679726100480,26201346}",0,1748,,
847511002430214144,822215679726100480,"2017-03-30 18:09:03","#ConfirmGorsuch #SCOTUS https://t.co/k2FiTsHbBf","{ConfirmGorsuch,SCOTUS}","{}","{}",20485,5606,,
847589453883461632,822215679726100480,"2017-03-30 23:20:47","Weekly Address - 10:00 A.M. tomorrow! #MAGA [?] https://t.co/umsr7N7YHN https://t.co/2kIysOYVCw","{MAGA}","{http://45.wh.gov/X76Q2f}","{}",4222,1061,,
